name,college,major,paper
郭晓旺,江南大学,计算机软件及计算机应用;自动化技术;,融合知识图谱与图卷积网络的混合推荐模型
夏鸿斌,江南大学,计算机软件及计算机应用;自动化技术;互联网技术;,融合知识图谱与图卷积网络的混合推荐模型
刘渊,江南大学,计算机软件及计算机应用;,融合知识图谱与图卷积网络的混合推荐模型
徐有为,陆军工程大学,计算机软件及计算机应用;宏观经济管理与可持续发展;,知识图谱嵌入研究综述
张宏军,陆军工程大学,计算机软件及计算机应用;武器工业与军事技术;自动化技术;,知识图谱嵌入研究综述
程恺,陆军工程大学,武器工业与军事技术;计算机软件及计算机应用;自动化技术;,知识图谱嵌入研究综述
廖湘琳,陆军工程大学,高等教育;计算机软件及计算机应用;军事;,知识图谱嵌入研究综述
张紫萱,陆军工程大学,计算机软件及计算机应用;,知识图谱嵌入研究综述
李雷,陆军工程大学,计算机软件及计算机应用;,知识图谱嵌入研究综述
安波,中国社会科学院民族学与人类学研究所,图书情报与数字图书馆;中国语言文字;,文字知识图谱构建及应用
祝德刚,北京理工大学,计算机软件及计算机应用;工业通用技术及设备;电力工业;,基于专利知识图谱的产品创新概念设计方法
宫琳,北京理工大学,计算机软件及计算机应用;金属学及金属工艺;自动化技术;,基于专利知识图谱的产品创新概念设计方法
唐圣,北京理工大学,计算机软件及计算机应用;工业通用技术及设备;图书情报与数字图书馆;,基于专利知识图谱的产品创新概念设计方法
谢剑,北京理工大学,计算机软件及计算机应用;船舶工业;工业通用技术及设备;,基于专利知识图谱的产品创新概念设计方法
莫振冲,北京理工大学,计算机软件及计算机应用;电力工业;工业通用技术及设备;,基于专利知识图谱的产品创新概念设计方法
朱明仁,北京理工大学,工业通用技术及设备;计算机软件及计算机应用;图书情报与数字图书馆;,基于专利知识图谱的产品创新概念设计方法
刘恩海,河北工业大学,计算机软件及计算机应用;自动化技术;互联网技术;,基于实体活跃度及复制生成的时序知识图谱推理
楚航,河北工业大学,材料科学;计算机软件及计算机应用;,基于实体活跃度及复制生成的时序知识图谱推理
王利琴,河北工业大学,计算机软件及计算机应用;自动化技术;电信技术;,基于实体活跃度及复制生成的时序知识图谱推理
董永峰,河北工业大学,计算机软件及计算机应用;自动化技术;高等教育;,基于实体活跃度及复制生成的时序知识图谱推理
杨迪,国家电网公司,计算机软件及计算机应用;档案及博物馆;互联网技术;,一种知识图谱的电力设备缺陷检索方案设计与实现
梁懿,福建亿榕信息技术有限公司,计算机软件及计算机应用;电力工业;企业经济;,一种知识图谱的电力设备缺陷检索方案设计与实现
王秋琳,福建亿榕信息技术有限公司,电力工业;计算机软件及计算机应用;计算机硬件技术;,一种知识图谱的电力设备缺陷检索方案设计与实现
陈新梅,福建亿榕信息技术有限公司,计算机软件及计算机应用;档案及博物馆;,一种知识图谱的电力设备缺陷检索方案设计与实现
陈恩光,福建亿榕信息技术有限公司,计算机软件及计算机应用;电力工业;,一种知识图谱的电力设备缺陷检索方案设计与实现
王燕蓉,福建亿榕信息技术有限公司,计算机软件及计算机应用;,一种知识图谱的电力设备缺陷检索方案设计与实现
葛富斌,国家知识产权局,计算机软件及计算机应用;图书情报与数字图书馆;,知识图谱技术在专利语义检索领域的应用研究
沈欣,东软集团股份有限公司,图书情报与数字图书馆;,知识图谱技术在专利语义检索领域的应用研究
侯靖琳,东华大学,建筑科学与工程;计算机软件及计算机应用;,基于知识图谱嵌入和补全的电梯故障预测
仇润鹤,东华大学,电信技术;自动化技术;计算机软件及计算机应用;,基于知识图谱嵌入和补全的电梯故障预测
薛季爱,上海市特种设备监督检验技术研究院,建筑科学与工程;机械工业;金属学及金属工艺;,基于知识图谱嵌入和补全的电梯故障预测
王晨,上海市特种设备监督检验技术研究院,建筑科学与工程;计算机软件及计算机应用;电力工业;,基于知识图谱嵌入和补全的电梯故障预测
蒋学芹,东华大学,电信技术;计算机软件及计算机应用;自动化技术;,基于知识图谱嵌入和补全的电梯故障预测
江双五,安徽省气象信息中心,气象学;计算机软件及计算机应用;自动化技术;,气象记录档案知识图谱构建
刘惠兰,安徽省气象信息中心,气象学;环境科学与资源利用;无线电电子学;,气象记录档案知识图谱构建
温华洋,安徽省气象信息中心,气象学;计算机软件及计算机应用;自动化技术;,气象记录档案知识图谱构建
谢伟,安徽省气象信息中心,气象学;计算机软件及计算机应用;自然地理学和测绘学;,气象记录档案知识图谱构建
张宇,北京农业智能装备工程技术研究中心,计算机软件及计算机应用;园艺;轻工业手工业;,基于Neo4j的草莓种植管理知识图谱构建及验证
郭文忠,北京农业智能装备工程技术研究中心,园艺;农艺学;农业工程;,基于Neo4j的草莓种植管理知识图谱构建及验证
林森,北京农业智能装备工程技术研究中心,农业工程;园艺;自动化技术;,基于Neo4j的草莓种植管理知识图谱构建及验证
文朝武,北京农业智能装备工程技术研究中心,计算机软件及计算机应用;自动化技术;汽车工业;,基于Neo4j的草莓种植管理知识图谱构建及验证
龙洁花,北京农业智能装备工程技术研究中心,计算机软件及计算机应用;自动化技术;园艺;,基于Neo4j的草莓种植管理知识图谱构建及验证
范佳荣,东北师范大学,教育理论与教育管理;计算机软件及计算机应用;中等教育;,学科知识图谱研究：由知识学习走向思维发展
钟绍春,东北师范大学,教育理论与教育管理;计算机软件及计算机应用;中等教育;,学科知识图谱研究：由知识学习走向思维发展
周贞云,杭州电子科技大学,自动化技术;图书情报与数字图书馆;高等教育;,面向人工智能的我国知识图谱研究的分布特点与发展趋势
邱均平,杭州电子科技大学,图书情报与数字图书馆;高等教育;科学研究管理;,面向人工智能的我国知识图谱研究的分布特点与发展趋势
曾晓玲,黄河水利委员会水文水资源勘测局,计算机软件及计算机应用;水利水电工程;互联网技术;,基于黄河资源整合共享的知识图谱研究和应用
张弓,黄河水利委员会信息中心,水利水电工程;计算机软件及计算机应用;图书情报与数字图书馆;,基于黄河资源整合共享的知识图谱研究和应用
李炜卓,南京邮电大学,自动化技术;保险;高等教育;,浅谈知识图谱课程中的教学与实践
季秋,南京邮电大学,自动化技术;计算机软件及计算机应用;高等教育;,浅谈知识图谱课程中的教学与实践
王亮,,水利水电工程;电信技术;,知识图谱技术在北江流域水利工程联合调度中的应用
周刚,福建省电力有限公司,电力工业;电信技术;核科学技术;,面向电力传输信息系统故障定位的知识图谱构建与应用
闫龙川,国网信息通信有限公司,电力工业;计算机软件及计算机应用;电信技术;,面向电力传输信息系统故障定位的知识图谱构建与应用
吴小华,安徽南瑞继远软件有限公司,电信技术;电力工业;自动化技术;,面向电力传输信息系统故障定位的知识图谱构建与应用
韩建兴,北京邮电大学,电力工业;,面向电力传输信息系统故障定位的知识图谱构建与应用
李卓桐,北京邮电大学,电信技术;电力工业;信息经济与邮政经济;,面向电力传输信息系统故障定位的知识图谱构建与应用
赵永利,北京邮电大学,电信技术;物理学;自动化技术;,面向电力传输信息系统故障定位的知识图谱构建与应用
王西锋,宝鸡文理学院,计算机软件及计算机应用;互联网技术;高等教育;,知识图谱在医疗领域的应用研究
张晓孪,宝鸡文理学院,计算机软件及计算机应用;互联网技术;高等教育;,知识图谱在医疗领域的应用研究
朱冬亮,中国科学院成都文献情报中心,计算机软件及计算机应用;自动化技术;生物医学工程;,基于知识图谱的推荐系统研究综述
文奕,中国科学院大学,图书情报与数字图书馆;计算机软件及计算机应用;科学研究管理;,基于知识图谱的推荐系统研究综述
万子琛,中国科学院成都文献情报中心,计算机软件及计算机应用;,基于知识图谱的推荐系统研究综述
周叶,新疆师范高等专科学校,计算机软件及计算机应用;教育理论与教育管理;电信技术;,基于教育云平台资源推荐的知识图谱构建与应用研究
何颖,兰州工商学院,金融;农业经济;计算机软件及计算机应用;,基于知识图谱技术进行金融风险管控的思考
王俊,兰州工商学院,计算机软件及计算机应用;金融;,基于知识图谱技术进行金融风险管控的思考
邱凌,贵州大学,航空航天科学与工程;计算机软件及计算机应用;图书情报与数字图书馆;,航空制造知识图谱构建研究综述
张安思,贵州大学,自动化技术;工业通用技术及设备;计算机软件及计算机应用;,航空制造知识图谱构建研究综述
李少波,贵州大学,自动化技术;计算机软件及计算机应用;机械工业;,航空制造知识图谱构建研究综述
张仪宗,贵州大学,航空航天科学与工程;计算机软件及计算机应用;图书情报与数字图书馆;,航空制造知识图谱构建研究综述
沈明明,贵州大学,计算机软件及计算机应用;金属学及金属工艺;农业工程;,航空制造知识图谱构建研究综述
周鹏,贵州大学,工业通用技术及设备;有机化工;无机化工;,航空制造知识图谱构建研究综述
刘政昊,武汉大学,证券;投资;金融;,知识关联视角下金融证券知识图谱构建与相关股票发现
钱宇星,武汉大学,图书情报与数字图书馆;投资;预防医学与卫生学;,知识关联视角下金融证券知识图谱构建与相关股票发现
衣天龙,武汉大学,证券;投资;金融;,知识关联视角下金融证券知识图谱构建与相关股票发现
吕华揆,武汉大学,证券;投资;金融;,知识关联视角下金融证券知识图谱构建与相关股票发现
刘毓,陆军工程大学,电信技术;计算机软件及计算机应用;,面向通信辐射源威胁评估的知识图谱构建
李京华,陆军工程大学,电信技术;航空航天科学与工程;计算机软件及计算机应用;,面向通信辐射源威胁评估的知识图谱构建
孙佳琛,陆军工程大学,电信技术;计算机软件及计算机应用;武器工业与军事技术;,面向通信辐射源威胁评估的知识图谱构建
丁国如,陆军工程大学,电信技术;自动化技术;航空航天科学与工程;,面向通信辐射源威胁评估的知识图谱构建
刘勘,中南财经政法大学,计算机软件及计算机应用;图书情报与数字图书馆;新闻与传媒;,面向营商环境的知识图谱构建研究
徐勤亚,中南财经政法大学,计算机软件及计算机应用;,面向营商环境的知识图谱构建研究
於陆,中南财经政法大学,计算机软件及计算机应用;,面向营商环境的知识图谱构建研究
俞玮,上海大学,会计;计算机软件及计算机应用;高等教育;,高校采购数据知识图谱的构建与实现
花永盛,上海大学,高等教育;化学;有机化工;,高校采购数据知识图谱的构建与实现
王瑞,上海大学,计算机软件及计算机应用;自动化技术;电信技术;,高校采购数据知识图谱的构建与实现
王林军,上海大学,无线电电子学;化学;工业通用技术及设备;,高校采购数据知识图谱的构建与实现
顾丹阳,陆军工程大学,武器工业与军事技术;,基于本体的主战武器装备知识图谱构建
李明倩,陆军工程大学,武器工业与军事技术;,基于本体的主战武器装备知识图谱构建
权冀川,陆军工程大学,计算机软件及计算机应用;武器工业与军事技术;自动化技术;,基于本体的主战武器装备知识图谱构建
刘勇,陆军工程大学,计算机软件及计算机应用;电信技术;武器工业与军事技术;,基于本体的主战武器装备知识图谱构建
罗晨,陆军工程大学,计算机软件及计算机应用;武器工业与军事技术;互联网技术;,基于本体的主战武器装备知识图谱构建
王帅奇,吉林大学,档案及博物馆;,中国革命历史档案知识图谱构建
陈晓美,吉林大学,图书情报与数字图书馆;计算机软件及计算机应用;新闻与传媒;,中国革命历史档案知识图谱构建
邓君,吉林大学,档案及博物馆;图书情报与数字图书馆;计算机软件及计算机应用;,中国革命历史档案知识图谱构建
孙治文,吉林大学,档案及博物馆;,中国革命历史档案知识图谱构建
李刚,华北电力大学,电力工业;自动化技术;计算机软件及计算机应用;,电力设备健康管理知识图谱：基本概念、关键技术及研究进展
李银强,华北电力大学,电力工业;,电力设备健康管理知识图谱：基本概念、关键技术及研究进展
王洪涛,华北电力大学,电力工业;,电力设备健康管理知识图谱：基本概念、关键技术及研究进展
谢庆,华北电力大学,电力工业;自动化技术;有机化工;,电力设备健康管理知识图谱：基本概念、关键技术及研究进展
陈烨,解放军信息工程大学,计算机软件及计算机应用;,多模态知识图谱构建与应用研究综述
周刚,解放军信息工程大学,计算机软件及计算机应用;互联网技术;电信技术;,多模态知识图谱构建与应用研究综述
卢记仓,解放军信息工程大学,计算机软件及计算机应用;电信技术;自然地理学和测绘学;,多模态知识图谱构建与应用研究综述
杨帅,山东省计算中心,电力工业;计算机软件及计算机应用;呼吸系统疾病;,COVID-19知识图谱构建与应用研究
王小红,山东省计算中心,电力工业;数学;计算机软件及计算机应用;,COVID-19知识图谱构建与应用研究
赵志刚,山东省计算中心,计算机软件及计算机应用;计算机硬件技术;电力工业;,COVID-19知识图谱构建与应用研究
潘景山,山东省计算中心,计算机软件及计算机应用;电力工业;公路与水路运输;,COVID-19知识图谱构建与应用研究
武鲁,齐鲁工业大学,电信技术;计算机硬件技术;计算机软件及计算机应用;,COVID-19知识图谱构建与应用研究
司元成,苏银金融租赁股份有限公司,投资;图书情报与数字图书馆;金融;,知识图谱基于金融租赁产业方向的分析与建议
温珂,苏银金融租赁股份有限公司,投资;图书情报与数字图书馆;金融;,知识图谱基于金融租赁产业方向的分析与建议
朱妍,苏银金融租赁股份有限公司,投资;图书情报与数字图书馆;金融;,知识图谱基于金融租赁产业方向的分析与建议
霍方柏,苏银金融租赁股份有限公司,投资;图书情报与数字图书馆;金融;,知识图谱基于金融租赁产业方向的分析与建议
李刚,南京大学,管理学;图书情报与数字图书馆;档案及博物馆;,面向图博档数字化服务融合的知识图谱构建与实现
朱学芳,南京大学,计算机软件及计算机应用;图书情报与数字图书馆;新闻与传媒;,面向图博档数字化服务融合的知识图谱构建与实现
黄治纲,东软集团股份有限公司,电力工业;计算机软件及计算机应用;计算机硬件技术;,基于司法案例知识图谱的类案推荐
谢新强,东北大学,电信技术;计算机软件及计算机应用;电力工业;,基于司法案例知识图谱的类案推荐
邢铁军,东软集团股份有限公司,电力工业;计算机软件及计算机应用;计算机硬件技术;,基于司法案例知识图谱的类案推荐
葛东,东软集团股份有限公司,电力工业;计算机软件及计算机应用;计算机硬件技术;,基于司法案例知识图谱的类案推荐
蔡晨秋,东软集团股份有限公司,计算机软件及计算机应用;诉讼法与司法制度;,基于司法案例知识图谱的类案推荐
窦丽莉,东软集团股份有限公司,计算机软件及计算机应用;诉讼法与司法制度;,基于司法案例知识图谱的类案推荐
王天翊,东软集团股份有限公司,计算机软件及计算机应用;电力工业;诉讼法与司法制度;,基于司法案例知识图谱的类案推荐
刘鹏程,西南交通大学,计算机软件及计算机应用;自动化技术;汽车工业;,基于第三方云平台的服务价值链多链知识图谱构建
孙林夫,西南交通大学,计算机软件及计算机应用;互联网技术;自动化技术;,基于第三方云平台的服务价值链多链知识图谱构建
井媛媛,中国中医科学院中医临床基础医学研究所,中医学;图书情报与数字图书馆;,基于文献计量的知识图谱在中医药领域中的应用分析
王连心,中国中医科学院中医临床基础医学研究所,中药学;中医学;心血管系统疾病;,基于文献计量的知识图谱在中医药领域中的应用分析
李敬华,中国中医科学院中医药信息研究所,中医学;计算机软件及计算机应用;中药学;,基于文献计量的知识图谱在中医药领域中的应用分析
姜俊杰,中国中医科学院中医临床基础医学研究所,中药学;中医学;消化系统疾病;,基于文献计量的知识图谱在中医药领域中的应用分析
谢丽,广州城市理工学院,计算机软件及计算机应用;电力工业;高等教育;,知识图谱课程教学探索与实践
宁泽飞,太原理工大学,计算机软件及计算机应用;,基于知识图谱和标签感知的推荐算法
孙静宇,太原理工大学,计算机软件及计算机应用;人物传记;科学研究管理;,基于知识图谱和标签感知的推荐算法
王欣娟,太原理工大学,计算机软件及计算机应用;,基于知识图谱和标签感知的推荐算法
肖飞龙,湖北省疾病预防控制中心,医药卫生方针政策与法律法规研究;计算机软件及计算机应用;互联网技术;,基于Neo4j的疾病预防与控制知识图谱研究
张爽,中国地质大学(武汉),地质学;矿业工程;计算机软件及计算机应用;,基于Neo4j的疾病预防与控制知识图谱研究
胡志凌,中国地质大学(武汉),医学教育与医学边缘学科;计算机软件及计算机应用;,基于Neo4j的疾病预防与控制知识图谱研究
宁原隆,解放军信息工程大学,计算机软件及计算机应用;自动化技术;,一种融合关系路径与实体描述信息的知识图谱表示学习方法
周刚,解放军信息工程大学,计算机软件及计算机应用;互联网技术;电信技术;,一种融合关系路径与实体描述信息的知识图谱表示学习方法
卢记仓,解放军信息工程大学,计算机软件及计算机应用;电信技术;自然地理学和测绘学;,一种融合关系路径与实体描述信息的知识图谱表示学习方法
杨大伟,解放军信息工程大学,计算机软件及计算机应用;电力工业;,一种融合关系路径与实体描述信息的知识图谱表示学习方法
张田,战略支援部队信息工程大学,计算机软件及计算机应用;自动化技术;电信技术;,一种融合关系路径与实体描述信息的知识图谱表示学习方法
唐金成,广西大学,保险;投资;市场研究与信息;,知识图谱技术赋能信用保证保险高质量发展研究
韩晴,广西大学,保险;计算机软件及计算机应用;自动化技术;,知识图谱技术赋能信用保证保险高质量发展研究
王国明,安徽理工大学,计算机软件及计算机应用;自动化技术;计算机硬件技术;,知识图谱的应用分析与架构的研究
卞玉露,安徽理工大学,计算机软件及计算机应用;,知识图谱的应用分析与架构的研究
韩吉南,中国航天科工集团第三研究院,工业通用技术及设备;航空航天科学与工程;计算机软件及计算机应用;,面向航天装备大数据的知识图谱体系
袁鸿翼,中国航天科工集团第三研究院,武器工业与军事技术;计算机软件及计算机应用;自然地理学和测绘学;,面向航天装备大数据的知识图谱体系
郑奎志,中国航天科工集团第三研究院,航空航天科学与工程;计算机软件及计算机应用;,面向航天装备大数据的知识图谱体系
朱宸来,中国航天科工集团第三研究院,航空航天科学与工程;计算机软件及计算机应用;,面向航天装备大数据的知识图谱体系
张兵,中国航天科工集团第三研究院,航空航天科学与工程;计算机软件及计算机应用;,面向航天装备大数据的知识图谱体系
熊中敏,上海海洋大学,计算机软件及计算机应用;海洋学;电信技术;,知识图谱在海洋领域的应用及前景分析综述
马海宇,上海海洋大学,海洋学;计算机软件及计算机应用;图书情报与数字图书馆;,知识图谱在海洋领域的应用及前景分析综述
李帅,成都理工大学,旅游;海洋学;计算机软件及计算机应用;,知识图谱在海洋领域的应用及前景分析综述
张娜,上海海洋大学,海洋学;计算机软件及计算机应用;图书情报与数字图书馆;,知识图谱在海洋领域的应用及前景分析综述
朱冬亮,中国科学院成都文献情报中心,计算机软件及计算机应用;自动化技术;生物医学工程;,基于知识图谱的推荐系统研究综述
文奕,中国科学院大学,图书情报与数字图书馆;计算机软件及计算机应用;科学研究管理;,基于知识图谱的推荐系统研究综述
万子琛,中国科学院成都文献情报中心,计算机软件及计算机应用;,基于知识图谱的推荐系统研究综述
何江波,中国船舶重工集团第七零九研究所,计算机软件及计算机应用;图书情报与数字图书馆;,面向海上多节点信息资源管理的知识图谱构建方法
韩宛彤,中国船舶重工集团第七零九研究所,计算机软件及计算机应用;图书情报与数字图书馆;,面向海上多节点信息资源管理的知识图谱构建方法
黄继红,中国船舶重工集团第七零九研究所,计算机软件及计算机应用;图书情报与数字图书馆;,面向海上多节点信息资源管理的知识图谱构建方法
赵恒,中国船舶重工集团第七零九研究所,计算机软件及计算机应用;自动化技术;电信技术;,面向海上多节点信息资源管理的知识图谱构建方法
张吉祥,山东科技大学,计算机软件及计算机应用;自动化技术;,知识图谱构建技术综述
张祥森,山东科技大学,计算机软件及计算机应用;自动化技术;,知识图谱构建技术综述
武长旭,山东科技大学,自动化技术;计算机软件及计算机应用;,知识图谱构建技术综述
赵增顺,山东科技大学,计算机软件及计算机应用;自动化技术;石油天然气工业;,知识图谱构建技术综述
封皓君,海军工程大学,计算机软件及计算机应用;,面向知识图谱的知识推理综述
段立,海军工程大学,电信技术;武器工业与军事技术;计算机软件及计算机应用;,面向知识图谱的知识推理综述
张碧莹,海军工程大学,计算机软件及计算机应用;,面向知识图谱的知识推理综述
申云凤,吉林警察学院,计算机软件及计算机应用;教育理论与教育管理;公安;,多源异构数据情境下公安知识图谱模型构建与智能应用
刘月峰,内蒙古科技大学,计算机软件及计算机应用;自动化技术;电力工业;,基于纪检招投标监督的知识图谱构建与应用
郭威,内蒙古科技大学,计算机软件及计算机应用;航空航天科学与工程;自动化技术;,基于纪检招投标监督的知识图谱构建与应用
张晗宇,内蒙古科技大学,计算机软件及计算机应用;宏观经济管理与可持续发展;,基于纪检招投标监督的知识图谱构建与应用
边浩东,内蒙古科技大学,计算机软件及计算机应用;航空航天科学与工程;自动化技术;,基于纪检招投标监督的知识图谱构建与应用
何滢婕,内蒙古科技大学,计算机软件及计算机应用;航空航天科学与工程;自动化技术;,基于纪检招投标监督的知识图谱构建与应用
张小燕,内蒙古科技大学,计算机软件及计算机应用;航空航天科学与工程;自动化技术;,基于纪检招投标监督的知识图谱构建与应用
董建敏,,计算机软件及计算机应用;宏观经济管理与可持续发展;,基于纪检招投标监督的知识图谱构建与应用
弓彦章,,计算机软件及计算机应用;宏观经济管理与可持续发展;,基于纪检招投标监督的知识图谱构建与应用
邵磊落,山东省济宁市供电公司,审计;电力工业;工业经济;,面向电网企业内控审计的知识图谱建模研究
周成轩,山东省济宁市供电公司,审计;电力工业;工业经济;,面向电网企业内控审计的知识图谱建模研究
黄琪华,山东电力集团公司,审计;电力工业;工业经济;,面向电网企业内控审计的知识图谱建模研究
张铖怡,同济大学,审计;电力工业;工业经济;,面向电网企业内控审计的知识图谱建模研究
余建波,同济大学,自动化技术;计算机软件及计算机应用;教育理论与教育管理;,面向电网企业内控审计的知识图谱建模研究
凯比努尔·赛地艾合买提,喀什大学,计算机软件及计算机应用;高等教育;互联网技术;,面向软件工程的知识图谱构建技术
嵇冠男,解放军海军装备部驻沈阳军事代表局,武器工业与军事技术;船舶工业;,基于知识图谱的舰艇通信网络故障推理技术研究
陶玉刚,中国船舶重工集团公司第七二二研究所,电信技术;船舶工业;武器工业与军事技术;,基于知识图谱的舰艇通信网络故障推理技术研究
丁勇,中国船舶重工集团公司第七二二研究所,武器工业与军事技术;船舶工业;,基于知识图谱的舰艇通信网络故障推理技术研究
文乐章,中国船舶重工集团中国舰船研究院,武器工业与军事技术;船舶工业;电信技术;,基于知识图谱的舰艇通信网络故障推理技术研究
戎菲,中国中医科学院,中医学;,中医药知识图谱应用现状分析及痴呆痰瘀互结证知识图谱构建探索
佟旭,中国中医科学院,中医学;中药学;医药卫生方针政策与法律法规研究;,中医药知识图谱应用现状分析及痴呆痰瘀互结证知识图谱构建探索
胡镜清,中国中医科学院,中医学;中药学;医药卫生方针政策与法律法规研究;,中医药知识图谱应用现状分析及痴呆痰瘀互结证知识图谱构建探索
何政,武汉大学,计算机软件及计算机应用;电力工业;电信技术;,基于知识图谱的C#课程学习导航系统研究
叶刚,武汉大学,计算机软件及计算机应用;互联网技术;电力工业;,基于知识图谱的C#课程学习导航系统研究
何奇兵,南昌职业大学,船舶工业;计算机软件及计算机应用;,基于知识图谱的舰船图像目标识别算法
龚仁彬,中国石油勘探开发研究院,计算机软件及计算机应用;电信技术;石油天然气工业;,知识图谱在石油勘探开发领域的应用现状及发展趋势
杨燕子,兰州理工大学,石油天然气工业;计算机软件及计算机应用;图书情报与数字图书馆;,知识图谱在石油勘探开发领域的应用现状及发展趋势
任义丽,中国石油勘探开发研究院,石油天然气工业;自动化技术;地质学;,知识图谱在石油勘探开发领域的应用现状及发展趋势
张晓宇,中国石油勘探开发研究院,石油天然气工业;计算机软件及计算机应用;图书情报与数字图书馆;,知识图谱在石油勘探开发领域的应用现状及发展趋势
刘慧琳,中国人民大学,档案及博物馆;图书情报与数字图书馆;文化;,标准文件的知识图谱组织模式探究
牛力,中国人民大学,档案及博物馆;计算机软件及计算机应用;图书情报与数字图书馆;,标准文件的知识图谱组织模式探究
张云中,上海大学,图书情报与数字图书馆;计算机软件及计算机应用;新闻与传媒;,历史文化名人游学足迹知识图谱的构建与可视化
孙平,上海大学,计算机软件及计算机应用;图书情报与数字图书馆;,历史文化名人游学足迹知识图谱的构建与可视化
古丽娜·阿扎提,伊犁师范大学,旅游;高等教育;图书情报与数字图书馆;,基于知识图谱构建中国史学史课程知识体系浅析
林家杰,南京国睿信维软件有限公司,工业经济;图书情报与数字图书馆;信息经济与邮政经济;,制造型企业知识图谱构建与应用
徐诺凡,南京国睿信维软件有限公司,工业经济;图书情报与数字图书馆;信息经济与邮政经济;,制造型企业知识图谱构建与应用
张伟伟,南京国睿信维软件有限公司,工业经济;图书情报与数字图书馆;信息经济与邮政经济;,制造型企业知识图谱构建与应用
郭刚,成都师范学院,教育理论与教育管理;轻工业手工业;计算机软件及计算机应用;,知识图谱技术在心理学研究领域中的应用
张雨露,成都师范学院,心理学;高等教育;,知识图谱技术在心理学研究领域中的应用
于敏章,成都师范学院,教育理论与教育管理;计算机硬件技术;轻工业手工业;,知识图谱技术在心理学研究领域中的应用
刘巍,解放军军事科学院,计算机软件及计算机应用;电信技术;计算机硬件技术;,知识图谱技术研究
陈霄,解放军军事科学院,电信技术;船舶工业;自动化技术;,知识图谱技术研究
陈静,解放军军事科学院,计算机软件及计算机应用;,知识图谱技术研究
周觐,解放军军事科学院,武器工业与军事技术;计算机软件及计算机应用;互联网技术;,知识图谱技术研究
张斌,解放军军事科学院,计算机软件及计算机应用;军事;科学研究管理;,知识图谱技术研究
李俊丽,青岛大学,计算机软件及计算机应用;临床医学;心血管系统疾病;,基于可视化知识图谱的心电图特征分析
张洋,首都医科大学附属北京佑安医院,感染性疾病及传染病;内分泌腺及全身性疾病;临床医学;,基于可视化知识图谱的心电图特征分析
陈润赫,青岛大学,计算机软件及计算机应用;临床医学;心血管系统疾病;,基于可视化知识图谱的心电图特征分析
王子琪,青岛大学,计算机软件及计算机应用;临床医学;心血管系统疾病;,基于可视化知识图谱的心电图特征分析
张桂溪,青岛大学,计算机软件及计算机应用;临床医学;心血管系统疾病;,基于可视化知识图谱的心电图特征分析
邱磊,青岛大学,临床医学;心血管系统疾病;计算机软件及计算机应用;,基于可视化知识图谱的心电图特征分析
冯志伟,黑龙江大学,中国语言文字;计算机软件及计算机应用;外国语言文字;,自然语言处理的重要资源：“知识图谱”
王志春,北京师范大学,计算机软件及计算机应用;电力工业;电信技术;,全球通信光缆知识图谱构建及应用
李邦祺,北京师范大学,电信技术;计算机软件及计算机应用;,全球通信光缆知识图谱构建及应用
李凯曼,北京师范大学,电信技术;计算机软件及计算机应用;,全球通信光缆知识图谱构建及应用
田沄,北京师范大学,计算机软件及计算机应用;生物医学工程;神经病学;,全球通信光缆知识图谱构建及应用
文利情,广东省立中山图书馆,图书情报与数字图书馆;电信技术;计算机软件及计算机应用;,知识图谱赋能的阅读推广研究
熊回香,华中师范大学,计算机软件及计算机应用;图书情报与数字图书馆;医学教育与医学边缘学科;,基于知识图谱的数字档案服务模式探究
严舞月,华中师范大学,计算机软件及计算机应用;档案及博物馆;,基于知识图谱的数字档案服务模式探究
马玉凤,国防科学技术大学,计算机软件及计算机应用;军事;,军事系统工程中的知识图谱应用及研究
向南,国防科学技术大学,计算机软件及计算机应用;武器工业与军事技术;军事;,军事系统工程中的知识图谱应用及研究
豆亚杰,国防科学技术大学,武器工业与军事技术;计算机软件及计算机应用;军事;,军事系统工程中的知识图谱应用及研究
姜江,国防科学技术大学,武器工业与军事技术;计算机软件及计算机应用;军事;,军事系统工程中的知识图谱应用及研究
杨克巍,国防科学技术大学,计算机软件及计算机应用;武器工业与军事技术;军事;,军事系统工程中的知识图谱应用及研究
谭跃进,国防科学技术大学,计算机软件及计算机应用;武器工业与军事技术;数学;,军事系统工程中的知识图谱应用及研究
刘伟江,吉林大学,贸易经济;金融;计算机软件及计算机应用;,融合知识图谱的RippleNet推荐模型优化研究
郝一哲,吉林大学,计算机软件及计算机应用;,融合知识图谱的RippleNet推荐模型优化研究
陈子睿,天津大学,计算机软件及计算机应用;,开放领域知识图谱问答研究综述
王鑫,天津大学,海洋学;计算机软件及计算机应用;新能源;,开放领域知识图谱问答研究综述
王林,,计算机软件及计算机应用;电力工业;数学;,开放领域知识图谱问答研究综述
徐大为,,计算机软件及计算机应用;电力工业;数学;,开放领域知识图谱问答研究综述
贾勇哲,天津大学,电力工业;计算机软件及计算机应用;电信技术;,开放领域知识图谱问答研究综述
聂同攀,中国航空工业第一集团第一飞机设计研究院,航空航天科学与工程;计算机软件及计算机应用;计算机硬件技术;,面向飞机电源系统故障诊断的知识图谱构建技术及应用
曾继炎,北京航空航天大学,自动化技术;计算机软件及计算机应用;航空航天科学与工程;,面向飞机电源系统故障诊断的知识图谱构建技术及应用
程玉杰,北京航空航天大学,计算机软件及计算机应用;电力工业;自动化技术;,面向飞机电源系统故障诊断的知识图谱构建技术及应用
马梁,北京航空航天大学,电力工业;计算机软件及计算机应用;自动化技术;,面向飞机电源系统故障诊断的知识图谱构建技术及应用
于文东,中国船舶重工集团公司第七一四研究所,船舶工业;电力工业;图书情报与数字图书馆;,基于“质”与“量”的船舶领域知识图谱构建研究
任惠超,中国船舶重工集团公司第七一四研究所,图书情报与数字图书馆;工业经济;计算机软件及计算机应用;,基于“质”与“量”的船舶领域知识图谱构建研究
董艳波,中国船舶重工集团公司第七一四研究所,船舶工业;电力工业;图书情报与数字图书馆;,基于“质”与“量”的船舶领域知识图谱构建研究
黄庆龙,中国船舶重工集团公司第七一四研究所,船舶工业;武器工业与军事技术;电力工业;,基于“质”与“量”的船舶领域知识图谱构建研究
刘晓,中国船舶信息中心,船舶工业;图书情报与数字图书馆;,基于“质”与“量”的船舶领域知识图谱构建研究
张雨,北京邮电大学,科学研究管理;图书情报与数字图书馆;,科技政策知识图谱构建研究
吴俊,北京邮电大学,电信技术;信息经济与邮政经济;计算机软件及计算机应用;,科技政策知识图谱构建研究
曾伟桂,北京信息科技大学,图书情报与数字图书馆;有机化工;安全科学与灾害防治;,基于Neo4j的化工安全知识图谱构建研究
吉娜烨,浙江传媒学院,计算机硬件技术;计算机软件及计算机应用;新闻与传媒;,融合知识图谱的NBA赛事新闻的自动写作
廖龙飞,浙江传媒学院,电力工业;计算机软件及计算机应用;新闻与传媒;,融合知识图谱的NBA赛事新闻的自动写作
闫燕勤,浙江传媒学院,计算机软件及计算机应用;新闻与传媒;无线电电子学;,融合知识图谱的NBA赛事新闻的自动写作
俞定国,浙江传媒学院,计算机软件及计算机应用;电力工业;新闻与传媒;,融合知识图谱的NBA赛事新闻的自动写作
张帆,浙江传媒学院,计算机软件及计算机应用;计算机硬件技术;教育理论与教育管理;,融合知识图谱的NBA赛事新闻的自动写作
张祎,中国人民大学,计算机软件及计算机应用;电力工业;自动化技术;,InterTris：三元交互的领域知识图谱表示学习
孟小峰,中国人民大学,计算机软件及计算机应用;互联网技术;计算机硬件技术;,InterTris：三元交互的领域知识图谱表示学习
郝文建,中国电子技术标准化研究院,宏观经济管理与可持续发展;计算机软件及计算机应用;图书情报与数字图书馆;,标准知识图谱的构建与应用
魏梅,中国电子技术标准化研究院,宏观经济管理与可持续发展;图书情报与数字图书馆;科学研究管理;,标准知识图谱的构建与应用
张浩,中国电子技术标准化研究院,科学研究管理;图书情报与数字图书馆;宏观经济管理与可持续发展;,标准知识图谱的构建与应用
王立玺,中国电子技术标准化研究院,计算机软件及计算机应用;图书情报与数字图书馆;宏观经济管理与可持续发展;,标准知识图谱的构建与应用
胡晨,中国电子技术标准化研究院,计算机软件及计算机应用;图书情报与数字图书馆;宏观经济管理与可持续发展;,标准知识图谱的构建与应用
刘爽,大连民族大学,计算机软件及计算机应用;自动化技术;高等教育;,面向多数据源的少数民族文化知识图谱构建
杨辉,大连民族大学,计算机软件及计算机应用;中国古代史;互联网技术;,面向多数据源的少数民族文化知识图谱构建
李佳宜,大连民族大学,电力工业;互联网技术;行政学及国家行政管理;,面向多数据源的少数民族文化知识图谱构建
谭楠楠,大连民族大学,计算机软件及计算机应用;电力工业;中国古代史;,面向多数据源的少数民族文化知识图谱构建
余传明,中南财经政法大学,计算机软件及计算机应用;图书情报与数字图书馆;自动化技术;,面向链接预测的知识图谱表示模型对比研究
张贞港,中南财经政法大学,计算机软件及计算机应用;自动化技术;图书情报与数字图书馆;,面向链接预测的知识图谱表示模型对比研究
孔令格,中南财经政法大学,计算机软件及计算机应用;自动化技术;图书情报与数字图书馆;,面向链接预测的知识图谱表示模型对比研究
李芳国,北京化工大学,有机化工;燃料化工;石油天然气工业;,HAZOP知识图谱构建方法
张贝克,北京化工大学,计算机软件及计算机应用;自动化技术;无机化工;,HAZOP知识图谱构建方法
高东,北京化工大学,计算机软件及计算机应用;自动化技术;无机化工;,HAZOP知识图谱构建方法
周锐,四川大学,企业经济;行政学及国家行政管理;工业经济;,基于知识图谱的城市公共危机信息资源融合研究
邢琳悦,四川大学,档案及博物馆;计算机软件及计算机应用;政党及群众组织;,基于知识图谱的城市公共危机信息资源融合研究
郭成,昆明理工大学,电力工业;计算机软件及计算机应用;自动化技术;,面向低压配电网络拓扑的知识图谱构建与检索分析方法
徐成现,昆明理工大学,机械工业;动力工程;电力工业;,面向低压配电网络拓扑的知识图谱构建与检索分析方法
蒋维,昆明理工大学,机械工业;铁路运输;电力工业;,面向低压配电网络拓扑的知识图谱构建与检索分析方法
王波,,电力工业;计算机软件及计算机应用;汽车工业;,面向低压配电网络拓扑的知识图谱构建与检索分析方法
古奕乐,河北大学,图书情报与数字图书馆;,基于专利信息计量的知识图谱技术专利分析
朱焱,天津市科学技术信息研究所,科学研究管理;图书情报与数字图书馆;计算机软件及计算机应用;,基于全球专利的知识图谱技术发展与竞争态势分析
王涓,天津市科学技术信息研究所,图书情报与数字图书馆;科学研究管理;,基于全球专利的知识图谱技术发展与竞争态势分析
马重阳,天津市科学技术信息研究所,图书情报与数字图书馆;自动化技术;,基于全球专利的知识图谱技术发展与竞争态势分析
王凌云,天津市科学技术信息研究所,图书情报与数字图书馆;计算机软件及计算机应用;,基于全球专利的知识图谱技术发展与竞争态势分析
张娜,天津市科学技术信息研究所,企业经济;图书情报与数字图书馆;计算机软件及计算机应用;,基于全球专利的知识图谱技术发展与竞争态势分析
王治政,大连理工大学,计算机软件及计算机应用;诉讼法与司法制度;自动化技术;,基于多视角知识图谱嵌入的量刑预测
王雷,辽宁省锦州市人民检察院,诉讼法与司法制度;计算机软件及计算机应用;刑法;,基于多视角知识图谱嵌入的量刑预测
李帅驰,大连理工大学,计算机软件及计算机应用;医学教育与医学边缘学科;自动化技术;,基于多视角知识图谱嵌入的量刑预测
孙媛媛,大连理工大学,计算机软件及计算机应用;电力工业;诉讼法与司法制度;,基于多视角知识图谱嵌入的量刑预测
陈彦光,大连理工大学,计算机软件及计算机应用;诉讼法与司法制度;电力工业;,基于多视角知识图谱嵌入的量刑预测
许策,大连理工大学,电力工业;计算机软件及计算机应用;自动化技术;,基于多视角知识图谱嵌入的量刑预测
王刚,大连理工大学,电力工业;自动化技术;计算机软件及计算机应用;,基于多视角知识图谱嵌入的量刑预测
林鸿飞,大连理工大学,计算机软件及计算机应用;电力工业;自动化技术;,基于多视角知识图谱嵌入的量刑预测
李高云,中国电子科技集团公司第二十九研究所,自动化技术;船舶工业;计算机软件及计算机应用;,电磁目标知识图谱构建技术
旷生玉,西南电子设备研究所,武器工业与军事技术;电信技术;计算机软件及计算机应用;,电磁目标知识图谱构建技术
杨政,西南电子设备研究所,武器工业与军事技术;电信技术;计算机软件及计算机应用;,电磁目标知识图谱构建技术
江果,西南电子设备研究所,武器工业与军事技术;电信技术;计算机软件及计算机应用;,电磁目标知识图谱构建技术
付杨,辽宁生态工程职业学院,职业教育;计算机软件及计算机应用;教育理论与教育管理;,知识图谱在高职教育改革中的应用:现状、挑战及未来发展
吕双十,辽宁生态工程职业学院,植物保护;林业;职业教育;,知识图谱在高职教育改革中的应用:现状、挑战及未来发展
卢琪,陆军工程大学,计算机软件及计算机应用;,知识图谱在智能问答中的应用研究
谢艺菲,陆军工程大学,计算机软件及计算机应用;,知识图谱在智能问答中的应用研究
谢钧,陆军工程大学,计算机软件及计算机应用;电信技术;互联网技术;,知识图谱在智能问答中的应用研究
潘志松,陆军工程大学,计算机软件及计算机应用;自动化技术;互联网技术;,知识图谱在智能问答中的应用研究
张玉柳,云南师范大学,计算机软件及计算机应用;教育理论与教育管理;图书情报与数字图书馆;,国内外知识图谱发展趋势和研究热点演变分析
赵波,云南师范大学,计算机软件及计算机应用;教育理论与教育管理;植物保护;,国内外知识图谱发展趋势和研究热点演变分析
菊花,内蒙古师范大学,计算机软件及计算机应用;教育理论与教育管理;中国语言文字;,基于数据库的专业术语知识图谱自动识别设计
那顺乌日图,内蒙古大学,计算机软件及计算机应用;中国语言文字;物理学;,基于数据库的专业术语知识图谱自动识别设计
付鑫,北京中电普华信息技术有限公司,计算机软件及计算机应用;电力工业;工业经济;,基于知识图谱技术的电网运营监测分析系统设计
郭阳,北京中电普华信息技术有限公司,电力工业;计算机软件及计算机应用;自动化技术;,基于知识图谱技术的电网运营监测分析系统设计
聂玲,北京中电普华信息技术有限公司,计算机软件及计算机应用;电力工业;,基于知识图谱技术的电网运营监测分析系统设计
王思宁,北京中电普华信息技术有限公司,电力工业;计算机软件及计算机应用;电信技术;,基于知识图谱技术的电网运营监测分析系统设计
王小滨,北京中电普华信息技术有限公司,计算机软件及计算机应用;电力工业;自动化技术;,基于知识图谱技术的电网运营监测分析系统设计
杨滨名,北京中电普华信息技术有限公司,计算机软件及计算机应用;电力工业;自动化技术;,基于知识图谱技术的电网运营监测分析系统设计
李童心,国防科学技术大学,计算机软件及计算机应用;自动化技术;电力工业;,基于知识图谱的战略智能体BDI模型
王维平,国防科学技术大学,计算机软件及计算机应用;武器工业与军事技术;自动化技术;,基于知识图谱的战略智能体BDI模型
王涛,国防科学技术大学,计算机软件及计算机应用;电信技术;自动化技术;,基于知识图谱的战略智能体BDI模型
李小波,国防科学技术大学,电信技术;武器工业与军事技术;无线电电子学;,基于知识图谱的战略智能体BDI模型
郎亚坤,国家广播电影电视总局广播科学研究院,计算机软件及计算机应用;图书情报与数字图书馆;教育理论与教育管理;,基于Neo4j的C++课程知识图谱的构建和推理
苏超,上海工程技术大学,计算机软件及计算机应用;教育理论与教育管理;图书情报与数字图书馆;,基于Neo4j的C++课程知识图谱的构建和推理
王国中,上海工程技术大学,电信技术;计算机软件及计算机应用;自动化技术;,基于Neo4j的C++课程知识图谱的构建和推理
李国平,上海工程技术大学,电信技术;计算机软件及计算机应用;汽车工业;,基于Neo4j的C++课程知识图谱的构建和推理
姜天文,哈尔滨工业大学,计算机软件及计算机应用;,条件性知识图谱构建及其应用研究
曾先慧,广东技术师范大学,职业教育;贸易经济;计算机软件及计算机应用;,中职《移动电子商务》课程知识图谱的构建与应用研究
张进,上海第二工业大学,计算机软件及计算机应用;自动化技术;,基于多跳关系问答的知识图谱补全算法研究
党小春,西安理工大学,计算机软件及计算机应用;电力工业;,基于知识图谱的个性化试题推荐方法研究与应用
渊明,西安理工大学,计算机软件及计算机应用;电力工业;中等教育;,基于知识图谱的自适应学习路径推荐方法研究与应用
田玲,电子科技大学,计算机软件及计算机应用;电信技术;电力工业;,知识图谱综述——表示、构建、推理与知识超图理论
张谨川,电子科技大学,自动化技术;,知识图谱综述——表示、构建、推理与知识超图理论
张晋豪,电子科技大学,无线电电子学;自动化技术;工业经济;,知识图谱综述——表示、构建、推理与知识超图理论
周望涛,电子科技大学,电力工业;自动化技术;,知识图谱综述——表示、构建、推理与知识超图理论
周雪,电子科技大学,自动化技术;,知识图谱综述——表示、构建、推理与知识超图理论
付雷杰,西安工业大学,金属学及金属工艺;计算机软件及计算机应用;自动化技术;,国内垂直领域知识图谱发展现状与展望
曹岩,西安工业大学,计算机软件及计算机应用;金属学及金属工艺;机械工业;,国内垂直领域知识图谱发展现状与展望
白瑀,西安工业大学,金属学及金属工艺;计算机软件及计算机应用;机械工业;,国内垂直领域知识图谱发展现状与展望
冷杰武,广东工业大学,计算机软件及计算机应用;电力工业;自动化技术;,国内垂直领域知识图谱发展现状与展望
黄志成,中国电子科技集团第十研究所,图书情报与数字图书馆;,关于主动学习下的知识图谱补全研究
张雨琪,中国中医科学院,中医学;计算机软件及计算机应用;图书情报与数字图书馆;,寻常痤疮中医药知识图谱构建的关键技术研究
陈挺,中国科学院科技战略咨询研究院,图书情报与数字图书馆;科学研究管理;材料科学;,主要国家重点科技投入知识图谱的构建与应用研究
冷伏海,中国科学院科技战略咨询研究院,图书情报与数字图书馆;科学研究管理;计算机软件及计算机应用;,主要国家重点科技投入知识图谱的构建与应用研究
惠仲阳,中国科学院科技战略咨询研究院,经济体制改革;科学研究管理;工业经济;,主要国家重点科技投入知识图谱的构建与应用研究
叶京,中国科学院科技战略咨询研究院,经济体制改革;科学研究管理;预防医学与卫生学;,主要国家重点科技投入知识图谱的构建与应用研究
葛春雷,中国科学院科技战略咨询研究院,科学研究管理;经济体制改革;图书情报与数字图书馆;,主要国家重点科技投入知识图谱的构建与应用研究
李宏,中国科学院大学,图书情报与数字图书馆;科学研究管理;经济体制改革;,主要国家重点科技投入知识图谱的构建与应用研究
黄龙光,中国科学院科技战略咨询研究院,物理学;核科学技术;图书情报与数字图书馆;,主要国家重点科技投入知识图谱的构建与应用研究
陈晓怡,中国科学院科技战略咨询研究院,科学研究管理;经济体制改革;动力工程;,主要国家重点科技投入知识图谱的构建与应用研究
李昊,南京电子技术研究所,计算机软件及计算机应用;电信技术;,基于知识图谱的雷达软件测试用例复用研究
柳溪,中国电子科技集团第十四研究所,计算机软件及计算机应用;电信技术;计算机硬件技术;,基于知识图谱的雷达软件测试用例复用研究
牟梓君,中国中医科学院中医临床基础医学研究所,中医学;医药卫生方针政策与法律法规研究;计算机软件及计算机应用;,小儿脑瘫中医诊疗知识图谱构建及其隐性知识显性化研究
徐远威,青岛大学,计算机软件及计算机应用;互联网技术;,基于金融知识图谱的主题网络爬虫设计与实现
刘园园,青岛大学,计算机软件及计算机应用;,基于知识图谱的限定域问答系统关键技术研究与应用
赖荣煊,国防科学技术大学,电信技术;计算机软件及计算机应用;军事;,知识图谱在军事人力资源领域的应用综述
邹顺,国防科学技术大学,力学;电信技术;物理学;,知识图谱在军事人力资源领域的应用综述
吴文辉,国防科学技术大学,计算机软件及计算机应用;中国政治与国际政治;电信技术;,知识图谱在军事人力资源领域的应用综述
吴欣泽,解放军31632部队,计算机软件及计算机应用;军事;,知识图谱在军事人力资源领域的应用综述
许鑫,河南农业大学,计算机软件及计算机应用;农业基础科学;农作物;,小麦品种知识图谱构建与可视化研究
岳金钊,河南农业大学,计算机软件及计算机应用;农业基础科学;农作物;,小麦品种知识图谱构建与可视化研究
赵锦鹏,河南农业大学,计算机软件及计算机应用;农业基础科学;农作物;,小麦品种知识图谱构建与可视化研究
王亚坤,河南农业大学,计算机软件及计算机应用;农业基础科学;农作物;,小麦品种知识图谱构建与可视化研究
马新明,河南农业大学,农作物;农业基础科学;计算机软件及计算机应用;,小麦品种知识图谱构建与可视化研究
钱学霖,河南农业大学,计算机软件及计算机应用;农业基础科学;农作物;,小麦品种知识图谱构建与可视化研究
刘永生,中国联合网络通信有限公司,电信技术;计算机软件及计算机应用;电力工业;,从知识图谱到认知图谱及电信行业应用
廖军,中国联合网络通信有限公司,电信技术;计算机软件及计算机应用;电力工业;,从知识图谱到认知图谱及电信行业应用
李亚梦,中国联合网络通信有限公司,电信技术;计算机软件及计算机应用;自动化技术;,从知识图谱到认知图谱及电信行业应用
王巍,中国联合网络通信有限公司,计算机软件及计算机应用;计算机硬件技术;电信技术;,从知识图谱到认知图谱及电信行业应用
王青青,阜阳师范大学,计算机软件及计算机应用;医学教育与医学边缘学科;医药卫生方针政策与法律法规研究;,基于知识图谱的健康问答系统分析与设计
郭伟,阜阳师范大学,计算机软件及计算机应用;,事件驱动的事件知识图谱构建及应用
林睿凡,中国中医科学院,中医学;工业通用技术及设备;中药学;,基于本体方法构建唐本《伤寒论》知识图谱
孙雨生,湖北工业大学,图书情报与数字图书馆;计算机软件及计算机应用;新闻与传媒;,基于知识图谱的信息推荐架构体系研究
祝博,湖北工业大学,计算机软件及计算机应用;图书情报与数字图书馆;,基于知识图谱的信息推荐架构体系研究
易小芹,中国电子科技集团第三十研究所,武器工业与军事技术;电信技术;计算机软件及计算机应用;,知识图谱在装备智能维护中的应用研究
彭望龙,中国电子科技集团第三十研究所,计算机软件及计算机应用;电力工业;武器工业与军事技术;,知识图谱在装备智能维护中的应用研究
杨颖,中国电子科技集团第三十研究所,武器工业与军事技术;,知识图谱在装备智能维护中的应用研究
房冬丽,中国电子科技集团第三十研究所,计算机软件及计算机应用;武器工业与军事技术;法理、法史;,知识图谱在装备智能维护中的应用研究
沈旻旭,上海银行,投资;金融;,零售信贷客户知识图谱反欺诈应用研究
于中宝,上海银行,投资;计算机软件及计算机应用;金融;,零售信贷客户知识图谱反欺诈应用研究
杨晓彦,上海银行,金融;计算机软件及计算机应用;自动化技术;,零售信贷客户知识图谱反欺诈应用研究
周影,上海银行,投资;计算机软件及计算机应用;金融;,零售信贷客户知识图谱反欺诈应用研究
孙成,重庆邮电大学,计算机软件及计算机应用;图书情报与数字图书馆;电力工业;,交通运输监督服务知识图谱的信息抽取方法研究与应用
张泽文,南昌大学,计算机软件及计算机应用;文化经济;戏剧电影与电视艺术;,基于知识图谱的电影推荐系统的研究与实现
代梓硕,大连理工大学,工业通用技术及设备;自动化技术;有机化工;,基于贝叶斯网和知识图谱的化工过程故障诊断
纪风坡,齐鲁工业大学,计算机软件及计算机应用;冶金工业;,面向制造生产过程参数优化的知识图谱构建方法研究
翟娇娇,齐鲁工业大学,电力工业;计算机软件及计算机应用;,面向知识图谱构建的知识融合问题研究
张勇,华中师范大学,计算机软件及计算机应用;电信技术;自动化技术;,基于学科知识图谱的高校教学模式研究
杨进才,华中师范大学,计算机软件及计算机应用;互联网技术;电信技术;,基于学科知识图谱的高校教学模式研究
高扬,内蒙古大学,中国共产党;计算机软件及计算机应用;,基于知识图谱的纪检监察线索调查研究与应用
刘彩丽,内蒙古大学,中国民族与地方史志;计算机软件及计算机应用;民族学;,蒙古族历史人物知识图谱构建与分析
司雪峰,北京邮电大学,计算机软件及计算机应用;,跨媒体科技大数据知识图谱构建与动态精准画像
冀欣婷,内蒙古大学,计算机软件及计算机应用;电力工业;,融合知识图谱的用户偏好推荐模型研究
王文军,山西大同大学,自动化技术;计算机软件及计算机应用;互联网技术;,考虑数据稀疏的知识图谱缺失连接自动补全算法
余银峰,新疆大学,工业通用技术及设备;自动化技术;计算机软件及计算机应用;,考虑数据稀疏的知识图谱缺失连接自动补全算法
王琼,北京邮电大学,计算机软件及计算机应用;,领域知识图谱属性自动补全技术研究与实现
洪涛,桂林电子科技大学,电力工业;计算机软件及计算机应用;自动化技术;,基于深度学习的知识图谱关系预测与推荐算法研究
吴孟宇,北京邮电大学,计算机软件及计算机应用;金融;,基于知识图谱的金融领域服务系统的设计与实现
石崇悦,北京邮电大学,计算机软件及计算机应用;自动化技术;,基于知识图谱的复杂情绪感知系统设计与实现
钟远薪,中山大学,图书情报与数字图书馆;电信技术;计算机软件及计算机应用;,艺术图像知识图谱构建初探
夏翠娟,上海图书馆,计算机软件及计算机应用;图书情报与数字图书馆;档案及博物馆;,艺术图像知识图谱构建初探
邝浩丹,浙江中医药大学,中医学;中药学;呼吸系统疾病;,《伤寒论》知识图谱构建及其在阳明病的应用
李娇,中国农业科学院,畜牧与动物医学;生物学;图书情报与数字图书馆;,基于知识图谱的科研综述生成研究
赵志远,内蒙古农业大学,计算机软件及计算机应用;畜牧与动物医学;,基于知识图谱的绒山羊基因-表型-变异知识库构建
王永军,内蒙古农业大学,计算机软件及计算机应用;自动化技术;生物学;,基于知识图谱的纪检监察案例知识库及相似案例智能推荐算法研究
韩帆帆,河北大学,文化;图书情报与数字图书馆;,基于图数据库的非遗知识图谱构建与语义关系发现研究
宋秀来,桂林电子科技大学,电力工业;计算机软件及计算机应用;,基于知识图谱的个性化推荐方法研究
王乐,西安工业大学,电信技术;计算机硬件技术;计算机软件及计算机应用;,基于知识图谱的软件安全漏洞挖掘技术研究
李征,北京交通大学,计算机软件及计算机应用;企业经济;,基于知识图谱的工艺路线推荐方法研究
季京辉,北京交通大学,计算机软件及计算机应用;自动化技术;生物医学工程;,基于深度学习的药物知识图谱构建及智能问答应用研究
时雨,北京交通大学,预防医学与卫生学;计算机软件及计算机应用;感染性疾病及传染病;,基于知识图谱的脑血管病辅助决策支持研究
刘恬恬,山西大学,体育;图书情报与数字图书馆;,国内外田径运动科研论文的知识图谱分析
钟依欣,北京交通大学,机械工业;计算机软件及计算机应用;,基于机电设备运维知识图谱的智能搜索技术研究与实现
王子奇,中国科学院大学,工业通用技术及设备;自动化技术;计算机软件及计算机应用;,基于知识图谱的遥感图像检索定位方法
段文菁,太原理工大学,计算机软件及计算机应用;,融合知识图谱的多层兴趣建模及其在推荐系统中的应用
屈婷婷,宁夏大学,计算机软件及计算机应用;,基于知识图谱推理的问答系统设计
张金山,,,基于深度学习的医疗知识图谱问答系统
徐江英,,,不良资产知识图谱研究与应用
张文迪,华北电力大学,计算机软件及计算机应用;金融;,知识图谱语义增强表示在金融风险控制中的应用研究
吴杰,北京邮电大学,计算机软件及计算机应用;旅游;,以事件为中心的旅游知识图谱的构建与应用
阮聪,华北电力大学,计算机软件及计算机应用;电力工业;自动化技术;,融合知识图谱与神经张量网络的需求响应智能推荐
白浩,华北电力大学,电力工业;自动化技术;计算机软件及计算机应用;,融合知识图谱与卷积神经网络的电压暂降分类识别
张舒凯,北京邮电大学,计算机软件及计算机应用;自动化技术;,基于知识图谱与深度学习的问答系统算法研究与实现
梁宇海,北京邮电大学,计算机软件及计算机应用;计算机硬件技术;电力工业;,基于知识图谱的多话轮聊天机器人的研究与实现
谢佳楠,北京邮电大学,计算机软件及计算机应用;,基于知识图谱的社交网络语义研究
何任,北京邮电大学,计算机软件及计算机应用;电力工业;,基于知识图谱的Android恶意家族多分类工具的设计与实现
李瑞平,北京邮电大学,计算机软件及计算机应用;,可解释知识图谱推理技术研究
陈昌举,北京邮电大学,计算机软件及计算机应用;,面向网络百科和知识图谱的实体链接算法研究与实现
丁奕齐,北京邮电大学,计算机软件及计算机应用;,面向领域知识图谱构建的知识抽取的研究和实现
蔡国建,北京邮电大学,航空航天科学与工程;电信技术;计算机软件及计算机应用;,基于知识图谱的航天测控网资源优化技术研究
闫丽华,西北农林科技大学,计算机软件及计算机应用;植物保护;园艺;,基于知识图谱的葡萄病虫害自动问答系统
蔡新辉,内蒙古工业大学,计算机软件及计算机应用;电力工业;,基于多源异构数据的地方风土人情知识图谱构建方法及应用研究
范钰程,太原理工大学,计算机软件及计算机应用;中等教育;,基于知识图谱的高考自动问答系统设计与实现
张福信,太原理工大学,水利水电工程;,淠河流域水库群防洪调度知识图谱构建研究
陈秋瑾,厦门理工学院,航空航天科学与工程;计算机软件及计算机应用;图书情报与数字图书馆;,基于微服务架构与知识图谱技术构建无人机知识库系统
安梦良,中国科学院大学,地质学;电信技术;计算机软件及计算机应用;,基于知识图谱的智能导学系统的设计与实现
宋厚岩,中国科学院大学,计算机软件及计算机应用;电力工业;,基于图数据库的电力系统知识图谱研究与应用
张强,中国科学院大学,计算机软件及计算机应用;,基于知识图谱的问答系统关键技术研究与应用
吴赛赛,中国农业科学院农业信息研究所,计算机软件及计算机应用;农业经济;农业基础科学;,基于知识图谱的作物病虫害智能问答系统设计与实现
李悦,中国农业科学院农业信息研究所,图书情报与数字图书馆;植物保护;计算机软件及计算机应用;,农作物病虫害知识图谱构建研究
冯子珍,山西大学,计算机软件及计算机应用;旅游;,基于山西旅游知识图谱的事实型问答技术研究
虞凤萍,山东师范大学,电力工业;工业通用技术及设备;计算机软件及计算机应用;,基于知识图谱的可解释临床事件预测方法研究
仝硕阳,西北大学,计算机软件及计算机应用;电力工业;,基于知识图谱的可解释推荐模型研究及应用
高厦,西北大学,计算机软件及计算机应用;教育理论与教育管理;,基于知识图谱的个性化学习平台的设计与实现
陈居乾,中国电信驻马店分公司,汽车工业;职业教育;,中职院校汽车维修知识图谱构建及其教学应用研究
陶成,北京邮电大学,基础医学;计算机软件及计算机应用;,基于知识图谱的心理学知识服务系统设计与实现
李忠,云南财经大学,计算机软件及计算机应用;,基于知识图谱的科学论文语义聚合模型研究
章志鹏,云南财经大学,计算机软件及计算机应用;自动化技术;图书情报与数字图书馆;,交互式知识图谱可视化及其在教育领域的应用
王鑫,云南财经大学,计算机软件及计算机应用;中等教育;,基于知识图谱的高考咨询问答技术研究
袁荣亮,,新闻与传媒;图书情报与数字图书馆;,基于深度学习的网络信息资源知识图谱研究
姬忠田,南京理工大学,新闻与传媒;图书情报与数字图书馆;,基于深度学习的网络信息资源知识图谱研究
马志明,北京邮电大学,计算机软件及计算机应用;,基于知识图谱的食品对话系统的设计与实现
田宇轩,山东大学,计算机软件及计算机应用;,针对网络水军的知识图谱构造方法
陈尚志,山东大学,计算机软件及计算机应用;,基于事实信息融合的知识图谱补全方法研究与实现
宋邓强,东华大学,船舶工业;,面向船舶分段制造过程的动态知识图谱建模方法
周彬,东华大学,机械工业;船舶工业;计算机软件及计算机应用;,面向船舶分段制造过程的动态知识图谱建模方法
申兴旺,东华大学,船舶工业;电力工业;计算机软件及计算机应用;,面向船舶分段制造过程的动态知识图谱建模方法
鲍劲松,东华大学,计算机软件及计算机应用;自动化技术;轻工业手工业;,面向船舶分段制造过程的动态知识图谱建模方法
周亚勤,东华大学,自动化技术;机械工业;轻工业手工业;,面向船舶分段制造过程的动态知识图谱建模方法
李学良,青岛大学,计算机软件及计算机应用;中医学;,基于知识图谱的中医药问答系统的研究与实现
杨小敏,北京邮电大学,计算机软件及计算机应用;电力工业;自动化技术;,基于深度学习的垂直领域知识图谱构建方法研究与实现
周子豪,山东农业大学,计算机软件及计算机应用;自动化技术;植物保护;,基于知识图谱的茶叶知识问答系统研究与实现
杨江,北京邮电大学,计算机软件及计算机应用;临床医学;生物医学工程;,医疗影像知识图谱构建的关键技术研究与实现
宋灿灿,北京交通大学,中国政治与国际政治;计算机软件及计算机应用;,基于知识图谱的政协提案主题分析与研究
柳少峰,广东工业大学,计算机软件及计算机应用;自动化技术;电力工业;,工业机器人预测式健康管理知识图谱构建研究
邓志彬,广东工业大学,电力工业;,融合社交网络和知识图谱的推荐算法
刘艳宇,北京邮电大学,计算机软件及计算机应用;电力工业;,基于知识图谱的数控加工信息推荐系统设计与开发
马超童,中国电信集团系统集成有限责任公司北京分公司,计算机软件及计算机应用;电力工业;,面向科技咨询的知识图谱构建与管理平台的设计与实现
刘科孟,北京邮电大学,电力工业;计算机软件及计算机应用;,基于知识图谱的推荐系统的研究与实现
宋次剑,中国科学技术大学,计算机软件及计算机应用;行政学及国家行政管理;,知识图谱构建若干关键技术及公共安全领域应用研究
张雨琪,中国中医科学院,中医学;计算机软件及计算机应用;图书情报与数字图书馆;,中医药知识图谱的构建与应用研究进展
李宗友,国家中医药管理局,中医学;医药卫生方针政策与法律法规研究;中药学;,中医药知识图谱的构建与应用研究进展
王映辉,中国中医科学院中医药信息研究所,中医学;医药卫生方针政策与法律法规研究;计算机软件及计算机应用;,中医药知识图谱的构建与应用研究进展
李敬华,中国中医科学院中医药信息研究所,中医学;计算机软件及计算机应用;中药学;,中医药知识图谱的构建与应用研究进展
于琦,中国中医科学院中医药信息研究所,中医学;计算机软件及计算机应用;中药学;,中医药知识图谱的构建与应用研究进展
朱玲,中国中医科学院中医药信息研究所,中医学;计算机软件及计算机应用;中药学;,中医药知识图谱的构建与应用研究进展
姜威,中国中医科学院中医药信息研究所,中医学;医药卫生方针政策与法律法规研究;中药学;,中医药知识图谱的构建与应用研究进展
于彤,中国中医科学院中医药信息研究所,中医学;计算机软件及计算机应用;中药学;,中医药知识图谱的构建与应用研究进展
刘语晗,北京邮电大学,计算机软件及计算机应用;,基于知识图谱的可解释推荐算法研究
金城,延边大学,计算机软件及计算机应用;外国语言文字;中等教育;,中韩双语知识图谱实体对齐方法的研究与应用
刘萌,东华大学,计算机软件及计算机应用;,基于知识图谱的复杂产品装配指南的问答系统设计研究
范青,荆楚理工学院,新闻与传媒;文化;图书情报与数字图书馆;,非物质文化遗产的知识图谱构建
史中超,华中师范大学,文化;计算机软件及计算机应用;图书情报与数字图书馆;,非物质文化遗产的知识图谱构建
谈国新,华中师范大学,计算机软件及计算机应用;文化;新闻与传媒;,非物质文化遗产的知识图谱构建
李国志,,无线电电子学;计算机软件及计算机应用;,电子元器件企业知识图谱构建分析
涂振洲,成都信息工程大学,科学研究管理;企业经济;计算机软件及计算机应用;,电子元器件企业知识图谱构建分析
严欢,北京邮电大学,计算机软件及计算机应用;互联网技术;,基于知识图谱的自治域组织机构映射系统的设计与实现
李程,北京邮电大学,计算机软件及计算机应用;,基于信息抽取的知识图谱构建系统的设计与实现
崔琳,云南师范大学,计算机软件及计算机应用;图书情报与数字图书馆;轻工业手工业;,少数民族服饰文化知识图谱的构建及应用研究
张航,云南师范大学,工业通用技术及设备;地质学;计算机软件及计算机应用;,泥石流灾害领域知识图谱的构建与应用
单佩佩,云南师范大学,计算机软件及计算机应用;图书情报与数字图书馆;教育理论与教育管理;,基于核心课程知识图谱的学习路径推荐研究
家明强,云南师范大学,计算机软件及计算机应用;计算机硬件技术;教育理论与教育管理;,基于知识图谱的课程学习系统设计与实现
周成虎,广东省科学院广州地理研究所,自然地理学和测绘学;计算机软件及计算机应用;工业通用技术及设备;,大数据时代的地学知识图谱研究
王华,解放军31009部队,生物学;自然地理学和测绘学;地球物理学;,大数据时代的地学知识图谱研究
王成善,中国地质大学(北京),地质学;石油天然气工业;海洋学;,大数据时代的地学知识图谱研究
侯增谦,中国地质科学院地质研究所,地质学;矿业工程;地球物理学;,大数据时代的地学知识图谱研究
郑志明,北京航空航天大学,电信技术;计算机软件及计算机应用;数学;,大数据时代的地学知识图谱研究
沈树忠,南京大学,地质学;生物学;矿业工程;,大数据时代的地学知识图谱研究
成秋明,中国地质大学(武汉),地质学;矿业工程;地球物理学;,大数据时代的地学知识图谱研究
冯志强,中国石化石油勘探开发研究院,石油天然气工业;工业经济;地球物理学;,大数据时代的地学知识图谱研究
王新兵,上海交通大学,电信技术;计算机软件及计算机应用;电力工业;,大数据时代的地学知识图谱研究
闾海荣,清华大学,计算机软件及计算机应用;工业通用技术及设备;电力工业;,大数据时代的地学知识图谱研究
樊隽轩,南京大学,地质学;生物学;计算机软件及计算机应用;,大数据时代的地学知识图谱研究
胡修棉,南京大学,地质学;海洋学;计算机软件及计算机应用;,大数据时代的地学知识图谱研究
侯明才,成都理工大学,地质学;石油天然气工业;矿业工程;,大数据时代的地学知识图谱研究
诸云强,中国科学院地理科学与资源研究所,计算机软件及计算机应用;自然地理学和测绘学;环境科学与资源利用;,大数据时代的地学知识图谱研究
张绍俊,北京邮电大学,计算机软件及计算机应用;金融;,面向企业尽职调查的知识图谱构建及应用
李小亚,北京邮电大学,计算机软件及计算机应用;临床医学;自动化技术;,医学超声领域知识图谱的设计与实现
陈华钧,浙江大学,计算机软件及计算机应用;电力工业;电信技术;,大规模知识图谱预训练模型及电商应用
张文,浙江大学,计算机软件及计算机应用;电力工业;自动化技术;,大规模知识图谱预训练模型及电商应用
黄志文,阿里巴巴集团,计算机软件及计算机应用;,大规模知识图谱预训练模型及电商应用
叶橄强,浙江大学,计算机软件及计算机应用;电力工业;,大规模知识图谱预训练模型及电商应用
文博,浙江大学,计算机软件及计算机应用;,大规模知识图谱预训练模型及电商应用
张伟,阿里巴巴集团,肿瘤学;医学教育与医学边缘学科;心血管系统疾病;,大规模知识图谱预训练模型及电商应用
朱永明,江苏省无锡市崇安区广勤中学,中等教育;,知识图谱在初中物理复习教学中的应用——以“物态的变化”一章为例
张厚源,电子科技大学,计算机软件及计算机应用;,基于知识图谱的实体间链接预测方法研究
徐进,电子科技大学,计算机软件及计算机应用;,基于工业装配关系分析及其知识图谱的研究
冯恩铭,电子科技大学,计算机软件及计算机应用;,面向探通一体的知识图谱构建方法研究
白洋,北京京航计算通讯研究所,计算机软件及计算机应用;电力工业;计算机硬件技术;,航天质量知识图谱应用研究
宋明艳,北京京航计算通讯研究所,航空航天科学与工程;计算机软件及计算机应用;图书情报与数字图书馆;,航天质量知识图谱应用研究
张彤,北京京航计算通讯研究所,电力工业;计算机软件及计算机应用;计算机硬件技术;,航天质量知识图谱应用研究
黄巍,广东省深圳华为技术有限公司,电力工业;计算机软件及计算机应用;计算机硬件技术;,知识图谱在汽车维修领域的应用
徐海强,中国第一汽车集团公司,计算机软件及计算机应用;计算机硬件技术;汽车工业;,知识图谱在汽车维修领域的应用
李瑞琪,中国电子技术标准化研究院,自动化技术;计算机硬件技术;工业通用技术及设备;,知识图谱产业应用及标准化需求研究
李佳,中国电子技术标准化研究院,自动化技术;工业经济;信息经济与邮政经济;,知识图谱产业应用及标准化需求研究
韦莎,中国电子技术标准化研究院,计算机软件及计算机应用;工业经济;宏观经济管理与可持续发展;,知识图谱产业应用及标准化需求研究
马原野,中国电子技术标准化研究院,宏观经济管理与可持续发展;工业经济;自动化技术;,知识图谱产业应用及标准化需求研究
焦国涛,中国电子技术标准化研究院,工业通用技术及设备;自动化技术;工业经济;,知识图谱产业应用及标准化需求研究
孙佩霞,中国电信股份有限公司,计算机软件及计算机应用;电力工业;,知识图谱在电信行业智能运维中的应用
赵龙刚,中国电信股份有限公司研究院,电信技术;计算机软件及计算机应用;电力工业;,知识图谱在电信行业智能运维中的应用
王峰,中国电信股份有限公司北京研究院,电信技术;计算机软件及计算机应用;计算机硬件技术;,知识图谱在电信行业智能运维中的应用
石晓东,中国电信股份有限公司,皮肤病与性病;计算机软件及计算机应用;工业通用技术及设备;,知识图谱在电信行业智能运维中的应用
刘珮,中国电信股份有限公司,电力工业;计算机软件及计算机应用;,知识图谱在电信行业智能运维中的应用
陈子鹏,中国电信股份有限公司,计算机软件及计算机应用;,知识图谱在电信行业智能运维中的应用
赵楠,北京邮电大学,电信技术;计算机硬件技术;计算机软件及计算机应用;,基于知识图谱的无人机集群目标推演技术研究
何庆明,成都体育学院,体育;图书情报与数字图书馆;,基于中国知网核心期刊武术散打研究演进的知识图谱分析
王建政,电子科技大学,计算机软件及计算机应用;,知识图谱构建的方法研究与应用
何允,大连理工大学,有机化工;安全科学与灾害防治;,基于化工案例的事故原因知识图谱构建研究
朱小龙,长江大学,计算机软件及计算机应用;地质学;石油天然气工业;,地质文本中油气藏特征提取及成藏知识图谱构建研究
张蒙,西安工业大学,计算机软件及计算机应用;自动化技术;教育理论与教育管理;,面向AI教育的学科知识图谱构建
李欢,华中师范大学,计算机软件及计算机应用;中等教育;,面向八年级生物教材知识图谱的指代消解方法研究
王宏超,华中师范大学,计算机软件及计算机应用;,面向编程学习的知识图谱构建与应用研究
洪炎,合肥工业大学,计算机软件及计算机应用;电力工业;自动化技术;,面向表示学习的知识图谱噪音检测研究
石方园,辽宁中医药大学,中医学;,基于CiteSpace针刺治疗肱骨外上髁炎的知识图谱分析
葛勇文,河北大学,考古;图书情报与数字图书馆;,革命文物知识图谱构建研究
孟转转,中国医学科学院医学信息研究所,临床医学;内分泌腺及全身性疾病;,糖尿病营养知识图谱构建研究
杨厚满,广东工业大学,工业通用技术及设备;机械工业;,面向盾构机智能维护的知识图谱构建
陈柯棠,广东工业大学,计算机软件及计算机应用;电力工业;自动化技术;,基于知识图谱和证据理论的个性化推荐算法研究
王婷,吉林大学,计算机软件及计算机应用;贸易经济;,基于融合图结构信息知识图谱特征学习的服务交易推荐系统研究
孙妍,吉林大学,计算机软件及计算机应用;自动化技术;高等教育;,基于深度学习的高校学生胜任力知识图谱构建与应用
叶馨,华北电力大学,计算机软件及计算机应用;自动化技术;,基于知识图谱的数据链路智能分析系统的研究与设计
黄云扬,电子科技大学,计算机软件及计算机应用;自动化技术;,基于深度学习的知识图谱推理方法研究
高迅,吉林大学,计算机软件及计算机应用;,融合上下文语义信息的知识图谱链路预测方法研究
王蓓蓓,吉林大学,计算机软件及计算机应用;,基于事件抽取的多任务学术知识图谱构建方法
杨霞,吉林大学,计算机软件及计算机应用;,基于知识图谱的事实型问答算法研究
刘泽华,吉林大学,计算机软件及计算机应用;,基于知识图谱的事实型智能问答方法研究
陈曦,吉林大学,电力工业;计算机软件及计算机应用;,面向科技文献的学术知识图谱构建研究与应用
董芷艺,吉林大学,计算机软件及计算机应用;电力工业;,基于答案选择结合知识图谱的问答模型研究
成燕华,东华大学,计算机软件及计算机应用;自动化技术;诉讼法与司法制度;,基于知识图谱的OJ题目推荐算法的研究
王鑫雷,大连理工大学,计算机软件及计算机应用;图书情报与数字图书馆;,基于中文知识图谱的问答系统研究
刘源,电子科技大学,医药卫生方针政策与法律法规研究;计算机软件及计算机应用;,基于知识图谱的医疗问答系统
张原召,西北民族大学,计算机软件及计算机应用;生物医学工程;,面向多数据源医疗知识图谱的智能问答系统研究
葛运城,内蒙古师范大学,计算机软件及计算机应用;中国语言文字;,基于WordNet的计算机领域汉英蒙术语知识图谱研究
吴昊,中国民用航空华北地区空中交通管理局内蒙古分局,计算机软件及计算机应用;互联网技术;,面向课程推荐的知识图谱增强推荐模型研究
吕红燕,河北经贸大学,计算机软件及计算机应用;自动化技术;行政学及国家行政管理;,基本公共服务均等化知识图谱的构建与应用研究
王国铭,吉林大学,数学;金融;证券;,基于深度学习的金融领域知识图谱构建研究
施威,辽宁大学,电信技术;计算机软件及计算机应用;自动化技术;,基于AttCNN模型的实体潜在关系知识图谱的研究与实现
杜冰杰,东北师范大学,计算机软件及计算机应用;自动化技术;,基于深度强化学习与知识图谱的推荐算法研究
王碧莹,辽宁大学,计算机软件及计算机应用;,基于知识图谱的职位推荐系统的研究与实现
王宏旭,辽宁大学,计算机软件及计算机应用;,基于融合用户行为特征知识图谱的推荐算法研究
王青青,西北师范大学,医药卫生方针政策与法律法规研究;计算机软件及计算机应用;,融合知识图谱与图嵌入的电子病历推荐方法研究
袁光辉,大连理工大学,医药卫生方针政策与法律法规研究;计算机软件及计算机应用;电力工业;,基于电子病历的知识图谱构建研究
熊奥,中国科学院大学,管理学;数学;核科学技术;,基于知识图谱的核电设备健康管理知识建模与分析
高畅,中国科学院大学,核科学技术;科学研究管理;数学;,基于知识图谱的核电设备健康管理知识建模与分析
赵明辉,中国科学院大学,物理学;核科学技术;科学研究管理;,基于知识图谱的核电设备健康管理知识建模与分析
张玲玲,中国科学院大学,科学研究管理;核科学技术;数学;,基于知识图谱的核电设备健康管理知识建模与分析
谭玲,北京邮电大学,计算机软件及计算机应用;医学教育与医学边缘学科;工业通用技术及设备;,医学知识图谱构建关键技术及研究进展
鄂海红,北京邮电大学,计算机软件及计算机应用;电力工业;电信技术;,医学知识图谱构建关键技术及研究进展
匡泽民,首都医科大学附属北京安贞医院,心血管系统疾病;内分泌腺及全身性疾病;泌尿科学;,医学知识图谱构建关键技术及研究进展
宋美娜,北京邮电大学,计算机软件及计算机应用;电力工业;电信技术;,医学知识图谱构建关键技术及研究进展
刘毓,北京邮电大学,计算机软件及计算机应用;医学教育与医学边缘学科;工业通用技术及设备;,医学知识图谱构建关键技术及研究进展
陈正宇,北京邮电大学,计算机软件及计算机应用;医学教育与医学边缘学科;工业通用技术及设备;,医学知识图谱构建关键技术及研究进展
谢晓璇,北京邮电大学,计算机软件及计算机应用;医学教育与医学边缘学科;工业通用技术及设备;,医学知识图谱构建关键技术及研究进展
李峻迪,北京邮电大学,计算机软件及计算机应用;医学教育与医学边缘学科;工业通用技术及设备;,医学知识图谱构建关键技术及研究进展
范家伟,北京邮电大学,计算机软件及计算机应用;眼科与耳鼻咽喉科;工业通用技术及设备;,医学知识图谱构建关键技术及研究进展
王晴川,北京邮电大学,计算机软件及计算机应用;医学教育与医学边缘学科;工业通用技术及设备;,医学知识图谱构建关键技术及研究进展
康霄阳,北京邮电大学,计算机软件及计算机应用;医学教育与医学边缘学科;工业通用技术及设备;,医学知识图谱构建关键技术及研究进展
冯朝政,广东工业大学,机械工业;铁路运输;海洋学;,基于知识图谱的地铁故障推荐系统研究
程良伦,广东工业大学,自动化技术;计算机软件及计算机应用;电信技术;,基于知识图谱的地铁故障推荐系统研究
刘燕,赤峰学院,计算机软件及计算机应用;高等教育;自动化技术;,知识图谱研究综述
贾志杰,赤峰学院,图书情报与数字图书馆;,知识图谱研究综述
闫利华,赤峰学院,计算机软件及计算机应用;高等教育;计算机硬件技术;,知识图谱研究综述
邹妍,赤峰学院,计算机软件及计算机应用;高等教育;图书情报与数字图书馆;,知识图谱研究综述
曾红艳,湖南中医药大学,计算机软件及计算机应用;图书情报与数字图书馆;,基于Neo4j的育儿知识图谱构建研究与实践
韦昌法,湖南中医药大学,中医学;高等教育;计算机软件及计算机应用;,基于Neo4j的育儿知识图谱构建研究与实践
唐昊,中国工程物理研究院计算机应用研究所,计算机软件及计算机应用;自然地理学和测绘学;建筑科学与工程;,基于知识图谱的科学效应库研究和开发
蒲天骄,天津大学,电力工业;计算机软件及计算机应用;自动化技术;,电力领域知识图谱的构建与应用
谈元鹏,中国电力科学研究院,电力工业;计算机软件及计算机应用;自动化技术;,电力领域知识图谱的构建与应用
彭国政,中国电力科学研究院,电力工业;计算机软件及计算机应用;自动化技术;,电力领域知识图谱的构建与应用
徐会芳,中国电力科学研究院,电力工业;计算机软件及计算机应用;电信技术;,电力领域知识图谱的构建与应用
张中浩,中国电力科学研究院,电力工业;计算机软件及计算机应用;,电力领域知识图谱的构建与应用
欧阳剑,上海外国语大学,图书情报与数字图书馆;计算机软件及计算机应用;新闻与传媒;,大规模中国历代存世典籍知识图谱构建研究
梁珠芳,广西民族大学,图书情报与数字图书馆;,大规模中国历代存世典籍知识图谱构建研究
任树怀,上海外国语大学,图书情报与数字图书馆;计算机软件及计算机应用;计算机硬件技术;,大规模中国历代存世典籍知识图谱构建研究
汪玥晗,长安大学,公路与水路运输;计算机软件及计算机应用;,基于图神经网络的知识图谱补全方法研究
段浩,中国水利水电科学研究院,计算机软件及计算机应用;水利水电工程;农业基础科学;,水利综合知识图谱构建研究
韩昆,中国水利水电科学研究院,水利水电工程;计算机软件及计算机应用;机械工业;,水利综合知识图谱构建研究
赵红莉,中国水利水电科学研究院水资源研究所,水利水电工程;计算机软件及计算机应用;地球物理学;,水利综合知识图谱构建研究
蒋云钟,中国水利水电科学研究院,水利水电工程;计算机软件及计算机应用;地球物理学;,水利综合知识图谱构建研究
李豪,中国水利水电科学研究院水资源研究所,水利水电工程;计算机软件及计算机应用;,水利综合知识图谱构建研究
毛文山,中国水利水电科学研究院,自然地理学和测绘学;计算机软件及计算机应用;环境科学与资源利用;,水利综合知识图谱构建研究
杜睿山,东北石油大学,计算机软件及计算机应用;石油天然气工业;地质学;,构建知识图谱  实现知识融合——评《知识图谱》
陈寰宇,东北石油大学,图书情报与数字图书馆;经济体制改革;,构建知识图谱  实现知识融合——评《知识图谱》
梁浩,太原科技大学,计算机软件及计算机应用;电力工业;,基于知识图谱的火电领域文本选择系统研究
刘梦超,,,面向海战场的知识建模与知识图谱构建研究与设计
赵地,中山大学,航空航天科学与工程;武器工业与军事技术;图书情报与数字图书馆;,面向知识图谱构建全流程的质量评估框架
张静,解放军军事科学院,计算机软件及计算机应用;武器工业与军事技术;航空航天科学与工程;,面向知识图谱构建全流程的质量评估框架
蒋帅,中山大学,航空航天科学与工程;武器工业与军事技术;自动化技术;,面向知识图谱构建全流程的质量评估框架
王伟,中山大学附属第一医院,电信技术;临床医学;肿瘤学;,面向知识图谱构建全流程的质量评估框架
孙晓,解放军32801部队,计算机软件及计算机应用;电信技术;图书情报与数字图书馆;,面向知识图谱构建全流程的质量评估框架
郑薇薇,,图书情报与数字图书馆;,范钦生平知识图谱构建与应用
黄刚,,图书情报与数字图书馆;,范钦生平知识图谱构建与应用
陈挚,四川外国语大学,新闻与传媒;信息经济与邮政经济;计算机软件及计算机应用;,构建基于用户及影视知识图谱的IPTV智能推荐算法——以河北广电为例
余疆,亚信科技(中国)有限公司,电信技术;计算机软件及计算机应用;,构建基于用户及影视知识图谱的IPTV智能推荐算法——以河北广电为例
王震南,中国电子科技集团电子科学研究院,计算机软件及计算机应用;图书情报与数字图书馆;,基于知识图谱的军事装备知识问答系统研究与实现
张雯,北京信息科技大学,计算机软件及计算机应用;互联网技术;电力工业;,基于知识图谱的领域评审专家推荐
陈胜,中国水利水电科学研究院,水利水电工程;计算机软件及计算机应用;电力工业;,基于知识图谱生成水工程联合调度方案的技术研究
刘业森,中国水利水电科学研究院,计算机软件及计算机应用;水利水电工程;建筑科学与工程;,基于知识图谱生成水工程联合调度方案的技术研究
赵丽平,中国水利水电科学研究院,计算机软件及计算机应用;水利水电工程;电力工业;,基于知识图谱生成水工程联合调度方案的技术研究
张前超,电子科技大学,数学;计算机软件及计算机应用;,应用题知识图谱构建及其分类算法研究
曾露,广西师范大学,自动化技术;计算机软件及计算机应用;图书情报与数字图书馆;,知识图谱赋能信息化教学创新
李其娜,梧州学院,计算机软件及计算机应用;自动化技术;图书情报与数字图书馆;,知识图谱赋能信息化教学创新
杨波,江西财经大学,企业经济;计算机软件及计算机应用;图书情报与数字图书馆;,知识图谱研究综述及其在风险管理领域应用
杨美芳,江西财经大学,计算机软件及计算机应用;企业经济;图书情报与数字图书馆;,知识图谱研究综述及其在风险管理领域应用
李艳茹,曲阜师范大学,计算机软件及计算机应用;图书情报与数字图书馆;教育理论与教育管理;,基于知识图谱的学科知识构建
周子力,曲阜师范大学,计算机软件及计算机应用;自动化技术;电力工业;,基于知识图谱的学科知识构建
倪睿康,曲阜师范大学,计算机软件及计算机应用;图书情报与数字图书馆;教育理论与教育管理;,基于知识图谱的学科知识构建
马腾,曲阜师范大学,计算机软件及计算机应用;图书情报与数字图书馆;教育理论与教育管理;,基于知识图谱的学科知识构建
高书林,曲阜师范大学,计算机软件及计算机应用;图书情报与数字图书馆;教育理论与教育管理;,基于知识图谱的学科知识构建
王彦冰,曲阜师范大学,计算机软件及计算机应用;图书情报与数字图书馆;教育理论与教育管理;,基于知识图谱的学科知识构建
温洪帅,北京邮电大学,计算机软件及计算机应用;,基于知识图谱的运维推荐系统研究
唐作为,兰州交通大学,计算机软件及计算机应用;自动化技术;,基于知识图谱的关系推理算法研究
张益广,兰州交通大学,计算机软件及计算机应用;自动化技术;,基于知识图谱的网络用语语义分析研究
牛勇,电子科技大学,互联网技术;,网络安全知识图谱构建的关键技术研究
付成,电子科技大学,计算机软件及计算机应用;,电磁态势知识图谱表示学习方法研究
王文广,达而观信息科技(上海)有限公司,计算机软件及计算机应用;电力工业;自动化技术;,知识图谱推理：现代的方法与应用
孟令达,北京交通大学,计算机软件及计算机应用;自动化技术;,A公司光纤传感产品生产环节的风险知识图谱构建研究
汪陈,合肥工业大学,地质学;计算机软件及计算机应用;自动化技术;,面向中文文献的金矿时空属性信息抽取及知识图谱可视化表达
海强,宁夏大学,计算机软件及计算机应用;,融合注意力与知识图谱的药物靶点预测
张晟博,昆明理工大学,汽车工业;计算机软件及计算机应用;金属学及金属工艺;,知识图谱驱动的发动机AR辅助维修技术研究与实现
杨超,安徽建筑大学,建筑科学与工程;自动化技术;计算机软件及计算机应用;,基于本体的徽派建筑知识图谱构建研究
李想,东北林业大学,图书情报与数字图书馆;林业;农业经济;,基于深度学习的中文林业知识图谱的构建研究
孙佳琛,陆军工程大学,电信技术;计算机软件及计算机应用;武器工业与军事技术;,频谱知识图谱：面向未来频谱管理的智能引擎
王金龙,陆军工程大学,电信技术;工业通用技术及设备;武器工业与军事技术;,频谱知识图谱：面向未来频谱管理的智能引擎
丁国如,陆军工程大学,电信技术;自动化技术;航空航天科学与工程;,频谱知识图谱：面向未来频谱管理的智能引擎
陈瑾,陆军工程大学,电信技术;航空航天科学与工程;计算机软件及计算机应用;,频谱知识图谱：面向未来频谱管理的智能引擎
龚玉萍,陆军工程大学,电信技术;工业通用技术及设备;高等教育;,频谱知识图谱：面向未来频谱管理的智能引擎
段阳,四川大学,机械工业;金属学及金属工艺;计算机软件及计算机应用;,金属切削加工知识图谱构建及应用
何璠,广东药科大学,内分泌腺及全身性疾病;,糖尿病知识服务平台的知识图谱构建研究
曾中,大连理工大学,医学教育与医学边缘学科;计算机软件及计算机应用;,基于跨句关系抽取的医疗知识图谱构建与应用
廉龙颖,黑龙江科技大学,互联网技术;计算机软件及计算机应用;高等教育;,基于本体的网络空间安全知识图谱的构建方法
张思龙,解放军国防大学,图书情报与数字图书馆;新闻与传媒;计算机软件及计算机应用;,基于知识图谱的网络舆情研判系统研究
王兰成,解放军国防大学,计算机软件及计算机应用;图书情报与数字图书馆;档案及博物馆;,基于知识图谱的网络舆情研判系统研究
娄国哲,解放军国防大学,图书情报与数字图书馆;计算机软件及计算机应用;军事;,基于知识图谱的网络舆情研判系统研究
马婧瑜,长安大学,公路与水路运输;计算机软件及计算机应用;,基于知识图谱嵌入的货运问答系统的设计与实现
汪昱廷,电子科技大学,计算机软件及计算机应用;金融;,基于知识图谱及大数据框架的反洗钱可视化分析方法研究
刘昱甫,清华大学,计算机软件及计算机应用;预防医学与卫生学;气象学;,基于知识图谱的搜索引擎技术研究与应用
李天宇,曲阜师范大学,计算机软件及计算机应用;电力工业;自动化技术;,面向知识图谱的表示学习算法研究
戴旭尧,重庆理工大学,计算机软件及计算机应用;自动化技术;,面向知识图谱和语义识别的高校迎新问答系统的研究
陈云飞,长安大学,机械工业;仪器仪表工业;建筑科学与工程;,数据驱动的机床故障诊断知识图谱构建与预测维护研究
于雯婷,北京邮电大学,计算机软件及计算机应用;自动化技术;,基于深度学习的知识图谱技术与算法研究
邓力华,电子科技大学,数学;计算机软件及计算机应用;,初等数学知识图谱的构建以及表示方法的研究
万顺,电子科技大学,计算机软件及计算机应用;生物医学工程;轻工业手工业;,基于医疗知识图谱的辅助诊断系统研究与应用
张腾飞,电子科技大学,物理学;计算机软件及计算机应用;,基于深度学习的电磁知识图谱构建与应用
高飞,广西科技大学,图书情报与数字图书馆;高等教育;社会科学理论与方法;,知识图谱引入学科分析报告的作用研究
曹瑞猛,重庆理工大学,计算机软件及计算机应用;互联网技术;自动化技术;,基于循环神经网络与权重知识图谱的推荐算法研究及应用
李菲,长安大学,计算机软件及计算机应用;,基于深度学习的知识图谱实体消歧方法研究
蔺琪,长安大学,计算机软件及计算机应用;自动化技术;电力工业;,具有知识发现的领域知识图谱构建与应用
贾宇彤,电子科技大学,计算机软件及计算机应用;,基于知识图谱的知识推理研究
贾明鹤,电子科技大学,计算机软件及计算机应用;,基于知识图谱的广电节目推荐系统设计与实现
廖振鑫,电子科技大学,地质学;计算机软件及计算机应用;,面向地质领域的知识图谱构建研究及应用
罗坤明,电子科技大学,计算机软件及计算机应用;电力工业;,基于知识图谱的数据清洗技术研究与实现
杨宇雪,电子科技大学,计算机软件及计算机应用;自动化技术;,基于神经网络的知识图谱推理关键技术研究
孙睿,电子科技大学,计算机软件及计算机应用;,基于多模态知识图谱的推荐系统
高蜜,电子科技大学,数学;计算机软件及计算机应用;,基于知识图谱的初等数学特征提取及其应用研究
王洋洋,电子科技大学,数学;计算机软件及计算机应用;,基于知识图谱的初等数学关系抽取及其应用
温启良,广东省深圳市康拓普信息技术有限公司,电力工业;计算机软件及计算机应用;电信技术;,知识图谱的泛在电力物联网安全可视化技术分析
黄兵,,电力工业;计算机软件及计算机应用;电信技术;,知识图谱的泛在电力物联网安全可视化技术分析
张渊渊,广东省深圳市康拓普信息技术有限公司,电力工业;计算机软件及计算机应用;电信技术;,知识图谱的泛在电力物联网安全可视化技术分析
詹会兰,电子科技大学,电信技术;计算机软件及计算机应用;电力工业;,基于知识图谱的广电内容推荐算法研究与设计
李娜,电子科技大学,计算机软件及计算机应用;,基于知识图谱的问答系统的研究
邹洋,电子科技大学,计算机软件及计算机应用;,软件知识领域知识图谱构建关键技术研究与应用
王鹤鸣,电子科技大学,计算机软件及计算机应用;,暗网交易链知识图谱关键技术研究与应用
王志阳,电子科技大学,计算机软件及计算机应用;电力工业;,领域知识图谱构建方法的研究与实现
年宇慧,电子科技大学,计算机软件及计算机应用;电力工业;,基于开放世界知识图谱的问答技术研究与实现
张金斗,中国科学技术大学,计算机软件及计算机应用;自动化技术;,知识图谱分布式表示学习方法及应用研究
陈荣祯,北京邮电大学,计算机软件及计算机应用;图书情报与数字图书馆;旅游;,智慧旅游知识图谱的自动化构建研究及应用
杨波,江西财经大学,企业经济;计算机软件及计算机应用;图书情报与数字图书馆;,面向企业动态风险的知识图谱构建与应用研究
廖怡茗,江西财经大学,图书情报与数字图书馆;企业经济;,面向企业动态风险的知识图谱构建与应用研究
任彤,浙江大学,电力工业;,基于知识图谱的OPC UA信息模型研究与应用
陈晨,北京邮电大学,计算机软件及计算机应用;,基于知识图谱的漏洞检测系统的设计与实现
韩佩甫,昆明理工大学,计算机软件及计算机应用;电力工业;,基于百科的汉越双语知识图谱构建研究
李博智,电子科技大学,计算机软件及计算机应用;旅游;信息经济与邮政经济;,知识图谱健壮性增强方法的研究与实现
张永生,电子科技大学,计算机软件及计算机应用;,知识图谱嵌入技术及其应用研究
王胜培,电子科技大学,计算机软件及计算机应用;轻工业手工业;,饮食数据知识图谱推荐系统
叶蕾,武汉纺织大学,计算机软件及计算机应用;医药卫生方针政策与法律法规研究;,基于知识图谱的档案智能语义检索关键技术研究与实现
张旭升,兰州大学,计算机软件及计算机应用;金融;,面向兰州银行零售客户的知识图谱设计与研究
赵轩伟,哈尔滨理工大学,计算机软件及计算机应用;,基于医疗领域知识图谱的问答系统研究
刘禹琪,东北师范大学,中药学;计算机软件及计算机应用;,中医名方知识图谱构建与链路预测模型的研究及应用
曹芳,广东邮电职业技术学院,计算机软件及计算机应用;电信技术;信息经济与邮政经济;,基于知识图谱的学习资源推荐系统研究与设计——以“协优工程师认证”课程为例
李贺,吉林大学,图书情报与数字图书馆;计算机软件及计算机应用;新闻与传媒;,基于疾病知识图谱的自动问答系统优化研究
刘嘉宇,吉林大学,计算机软件及计算机应用;图书情报与数字图书馆;医学教育与医学边缘学科;,基于疾病知识图谱的自动问答系统优化研究
李世钰,吉林大学,计算机软件及计算机应用;医学教育与医学边缘学科;新闻与传媒;,基于疾病知识图谱的自动问答系统优化研究
吴迪,吉林大学,互联网技术;计算机软件及计算机应用;医学教育与医学边缘学科;,基于疾病知识图谱的自动问答系统优化研究
金帅岐,吉林大学,计算机软件及计算机应用;医学教育与医学边缘学科;图书情报与数字图书馆;,基于疾病知识图谱的自动问答系统优化研究
张栋豪,浙江大学,计算机软件及计算机应用;电力工业;工业通用技术及设备;,知识图谱在智能制造领域的研究现状及其应用前景综述
刘振宇,浙江大学,电力工业;自动化技术;计算机软件及计算机应用;,知识图谱在智能制造领域的研究现状及其应用前景综述
郏维强,浙江大学,计算机软件及计算机应用;电力工业;机械工业;,知识图谱在智能制造领域的研究现状及其应用前景综述
刘惠,浙江大学,计算机软件及计算机应用;电力工业;金属学及金属工艺;,知识图谱在智能制造领域的研究现状及其应用前景综述
谭建荣,浙江大学,计算机软件及计算机应用;机械工业;自动化技术;,知识图谱在智能制造领域的研究现状及其应用前景综述
赵三珊,上海电力科学研究院,电力工业;工业经济;工业通用技术及设备;,一种基于知识图谱的电气设备推荐搜索技术研究
齐晓曼,上海电力科学研究院,电力工业;工业经济;工业通用技术及设备;,一种基于知识图谱的电气设备推荐搜索技术研究
朱文,国家电网公司,电力工业;计算机软件及计算机应用;,一种基于知识图谱的电气设备推荐搜索技术研究
赵玲朗,东北师范大学,中等教育;图书情报与数字图书馆;教育理论与教育管理;,基于知识图谱的学习者画像模型设计与应用——以“高中物理”课程为例
范佳荣,东北师范大学,教育理论与教育管理;计算机软件及计算机应用;中等教育;,基于知识图谱的学习者画像模型设计与应用——以“高中物理”课程为例
赵一婷,东北师范大学,计算机软件及计算机应用;教育理论与教育管理;中等教育;,基于知识图谱的学习者画像模型设计与应用——以“高中物理”课程为例
唐烨伟,东北师范大学,教育理论与教育管理;计算机软件及计算机应用;中等教育;,基于知识图谱的学习者画像模型设计与应用——以“高中物理”课程为例
钟绍春,东北师范大学,教育理论与教育管理;计算机软件及计算机应用;中等教育;,基于知识图谱的学习者画像模型设计与应用——以“高中物理”课程为例
刘政,湖北文理学院,计算机软件及计算机应用;金属学及金属工艺;,钻床设备知识图谱的构建及应用
张华,湖北文理学院,机械工业;电力工业;工业通用技术及设备;,钻床设备知识图谱的构建及应用
廖育武,湖北文理学院,电力工业;汽车工业;自动化技术;,钻床设备知识图谱的构建及应用
肖国宏,湖北欧安电气股份有限公司,电力工业;金属学及金属工艺;计算机软件及计算机应用;,钻床设备知识图谱的构建及应用
吕品,广西大学,计算机软件及计算机应用;教育理论与教育管理;电力工业;,面向教育的中文知识图谱自动构建技术
贺云艳,广西大学,计算机软件及计算机应用;图书情报与数字图书馆;,面向教育的中文知识图谱自动构建技术
许嘉,广西大学,计算机软件及计算机应用;电信技术;自动化技术;,面向教育的中文知识图谱自动构建技术
莫晓琨,广西大学,计算机软件及计算机应用;电力工业;图书情报与数字图书馆;,面向教育的中文知识图谱自动构建技术
郭宏伟,黑龙江中医药大学,医学教育与医学边缘学科;高等教育;中药学;,基于智能教育的高校在线课程知识图谱构建研究——以中国医学史为例
马腾,曲阜师范大学,计算机软件及计算机应用;图书情报与数字图书馆;教育理论与教育管理;,知识图谱在个性化教学中的应用研究
倪睿康,曲阜师范大学,计算机软件及计算机应用;图书情报与数字图书馆;教育理论与教育管理;,知识图谱在个性化教学中的应用研究
李艳茹,曲阜师范大学,计算机软件及计算机应用;图书情报与数字图书馆;教育理论与教育管理;,知识图谱在个性化教学中的应用研究
高书林,曲阜师范大学,计算机软件及计算机应用;图书情报与数字图书馆;教育理论与教育管理;,知识图谱在个性化教学中的应用研究
王彦冰,曲阜师范大学,计算机软件及计算机应用;图书情报与数字图书馆;教育理论与教育管理;,知识图谱在个性化教学中的应用研究
李馥妍,曲阜师范大学,计算机软件及计算机应用;图书情报与数字图书馆;,知识图谱在个性化教学中的应用研究
周子力,曲阜师范大学,计算机软件及计算机应用;自动化技术;电力工业;,知识图谱在个性化教学中的应用研究
杭婷婷,河海大学,计算机软件及计算机应用;互联网技术;电力工业;,知识图谱构建技术:分类、调查和未来方向
冯钧,河海大学,计算机软件及计算机应用;电力工业;水利水电工程;,知识图谱构建技术:分类、调查和未来方向
陆佳民,河海大学,计算机软件及计算机应用;电力工业;水利水电工程;,知识图谱构建技术:分类、调查和未来方向
魏泽林,大连东软信息学院,计算机软件及计算机应用;自动化技术;,基于知识图谱问答系统的技术实现
张帅,大连东软信息学院,电力工业;临床医学;计算机软件及计算机应用;,基于知识图谱问答系统的技术实现
王建超,大连东软信息学院,计算机软件及计算机应用;自动化技术;电力工业;,基于知识图谱问答系统的技术实现
马宁,北京师范大学,教育理论与教育管理;计算机软件及计算机应用;中等教育;,群体知识图谱建构对教师在线学习与交互的影响研究
杜蕾,北京师范大学,教育理论与教育管理;计算机软件及计算机应用;初等教育;,群体知识图谱建构对教师在线学习与交互的影响研究
张燕玲,北京师范大学,中等教育;文艺理论;计算机软件及计算机应用;,群体知识图谱建构对教师在线学习与交互的影响研究
崔志军,,计算机软件及计算机应用;教育理论与教育管理;初等教育;,群体知识图谱建构对教师在线学习与交互的影响研究
郭佳惠,北京师范大学,教育理论与教育管理;计算机软件及计算机应用;初等教育;,群体知识图谱建构对教师在线学习与交互的影响研究
冯玉兰,中国园林博物馆,建筑科学与工程;,基于多源数据融合的中国古典园林知识图谱构建
陈晓磊,北京八亿时空集团有限公司,建筑科学与工程;,基于多源数据融合的中国古典园林知识图谱构建
周永章,中山大学,地质学;矿业工程;环境科学与资源利用;,钦杭成矿带斑岩铜矿知识图谱构建及应用展望
张前龙,中山大学,地质学;矿业工程;图书情报与数字图书馆;,钦杭成矿带斑岩铜矿知识图谱构建及应用展望
黄永健,广东轩辕网络科技股份有限公司,计算机软件及计算机应用;地质学;电力工业;,钦杭成矿带斑岩铜矿知识图谱构建及应用展望
杨威,中山大学,地质学;矿业工程;,钦杭成矿带斑岩铜矿知识图谱构建及应用展望
肖凡,中山大学,地质学;矿业工程;地球物理学;,钦杭成矿带斑岩铜矿知识图谱构建及应用展望
吉俊杰,中山大学,地质学;计算机软件及计算机应用;自动化技术;,钦杭成矿带斑岩铜矿知识图谱构建及应用展望
韩枫,中山大学,地质学;矿业工程;图书情报与数字图书馆;,钦杭成矿带斑岩铜矿知识图谱构建及应用展望
唐磊,中山大学,地质学;矿业工程;,钦杭成矿带斑岩铜矿知识图谱构建及应用展望
欧阳冲,中山大学,地质学;矿业工程;,钦杭成矿带斑岩铜矿知识图谱构建及应用展望
沈文杰,中山大学,地质学;矿业工程;天文学;,钦杭成矿带斑岩铜矿知识图谱构建及应用展望
王志华,中国科学院地理科学与资源研究所,计算机软件及计算机应用;自然地理学和测绘学;工业通用技术及设备;,面向遥感大数据的地学知识图谱构想
杨晓梅,中国科学院大学,自然地理学和测绘学;计算机软件及计算机应用;海洋学;,面向遥感大数据的地学知识图谱构想
周成虎,广东省科学院广州地理研究所,自然地理学和测绘学;计算机软件及计算机应用;工业通用技术及设备;,面向遥感大数据的地学知识图谱构想
梁浩宏,桂林电子科技大学,电力工业;计算机软件及计算机应用;,联合学习用户端和项目端知识图谱的个性化推荐
古天龙,暨南大学,计算机软件及计算机应用;自动化技术;电信技术;,联合学习用户端和项目端知识图谱的个性化推荐
宾辰忠,桂林电子科技大学,计算机软件及计算机应用;电信技术;电力工业;,联合学习用户端和项目端知识图谱的个性化推荐
常亮,桂林电子科技大学,计算机软件及计算机应用;电信技术;自动化技术;,联合学习用户端和项目端知识图谱的个性化推荐
熊建英,江西警察学院,公安;新闻与传媒;计算机软件及计算机应用;,知识图谱在异常资金流分析中的应用研究
卢民军,上海立信会计金融学院,审计;计算机软件及计算机应用;图书情报与数字图书馆;,审计数据知识图谱的构建与实现——基于Neo4j图数据库
叶慕戎,上海立信会计金融学院,计算机软件及计算机应用;审计;自动化技术;,审计数据知识图谱的构建与实现——基于Neo4j图数据库
张高煜,上海立信会计金融学院,计算机软件及计算机应用;高等教育;金融;,审计数据知识图谱的构建与实现——基于Neo4j图数据库
赵东明,中国移动通信集团天津有限公司,电信技术;计算机软件及计算机应用;自动化技术;,电信运营商知识图谱智慧运营管理系统
田雷,中国移动通信集团天津有限公司,计算机软件及计算机应用;电信技术;自动化技术;,电信运营商知识图谱智慧运营管理系统
刘静,中国移动通信集团天津有限公司,计算机软件及计算机应用;行政法及地方法制;自动化技术;,电信运营商知识图谱智慧运营管理系统
石理,中国移动通信集团天津有限公司,计算机软件及计算机应用;自动化技术;图书情报与数字图书馆;,电信运营商知识图谱智慧运营管理系统
王骏东,武汉大学,电力工业;计算机软件及计算机应用;汽车工业;,基于知识图谱的配电网故障辅助决策研究
杨军,武汉大学,电力工业;核科学技术;自动化技术;,基于知识图谱的配电网故障辅助决策研究
裴洋舟,武汉大学,电力工业;计算机软件及计算机应用;自动化技术;,基于知识图谱的配电网故障辅助决策研究
詹祥澎,武汉大学,电力工业;计算机软件及计算机应用;公路与水路运输;,基于知识图谱的配电网故障辅助决策研究
周挺,武汉大学,电力工业;自动化技术;材料科学;,基于知识图谱的配电网故障辅助决策研究
谢培元,湖南省电力公司,电力工业;工业经济;自动化技术;,基于知识图谱的配电网故障辅助决策研究
涂志敏,中信银行,金融;审计;信息经济与邮政经济;,商业银行非现场审计系统知识图谱引擎的构建
李佳乐,内蒙古大学,计算机软件及计算机应用;,基于知识图谱上下文感知的服务推荐方法
江志浩,解放军91977部队,武器工业与军事技术;船舶工业;仪器仪表工业;,作战目标知识图谱构建与应用
周卿,浙江工商大学,轻工业手工业;电力工业;武器工业与军事技术;,作战目标知识图谱构建与应用
石敏,解放军91977部队,仪器仪表工业;武器工业与军事技术;电力工业;,作战目标知识图谱构建与应用
郑义成,解放军91977部队,武器工业与军事技术;仪器仪表工业;船舶工业;,作战目标知识图谱构建与应用
王雅芬,解放军91977部队,轻工业手工业;民商法;武器工业与军事技术;,作战目标知识图谱构建与应用
卢楚楚,浙江大学,计算机软件及计算机应用;药学;工业经济;,基于Neo4j图数据库构建原料药国际注册知识图谱的研究
刘杨圣彦,浙江大学,计算机软件及计算机应用;科学研究管理;自动化技术;,基于Neo4j图数据库构建原料药国际注册知识图谱的研究
顾复,浙江大学,计算机软件及计算机应用;电力工业;工业通用技术及设备;,基于Neo4j图数据库构建原料药国际注册知识图谱的研究
顾新建,浙江大学,计算机软件及计算机应用;企业经济;机械工业;,基于Neo4j图数据库构建原料药国际注册知识图谱的研究
李书钦,北方工业大学,计算机软件及计算机应用;农作物;高等教育;,面向高校科研管理的知识图谱构建研究
单佩佩,云南师范大学,计算机软件及计算机应用;图书情报与数字图书馆;教育理论与教育管理;,基于知识图谱的个性化推荐研究
胡光永,南京工业职业技术大学,计算机软件及计算机应用;职业教育;教育理论与教育管理;,专业知识与技能体系知识图谱的构建研究
胡丹阳,武汉科技大学,预防医学与卫生学;呼吸系统疾病;,COVID-19防控知识图谱的构建及可视化
高峰,武汉科技大学,计算机软件及计算机应用;医学教育与医学边缘学科;预防医学与卫生学;,COVID-19防控知识图谱的构建及可视化
顾进广,武汉科技大学,计算机软件及计算机应用;互联网技术;自动化技术;,COVID-19防控知识图谱的构建及可视化
郭苗苗,南京邮电大学,轻工业手工业;电力工业;计算机软件及计算机应用;,基于知识图谱的乒乓球问答系统的语义匹配算法研究
张蓝,中国人民公安大学,公安;图书情报与数字图书馆;,基于知识图谱的网络传销案件可视化研究
徐梦婷,南京邮电大学,计算机软件及计算机应用;电力工业;自动化技术;,基于知识图谱的多轮问答系统
王先传,阜阳师范大学,计算机软件及计算机应用;计算机硬件技术;高等教育;,基于语料库的事件知识图谱构建与应用
彭亮,阜阳师范大学,计算机软件及计算机应用;一般服务业;,基于语料库的事件知识图谱构建与应用
郭伟,阜阳师范大学,计算机软件及计算机应用;,基于语料库的事件知识图谱构建与应用
魏澳,阜阳师范大学,计算机软件及计算机应用;,基于语料库的事件知识图谱构建与应用
赵东明,中国移动通信集团天津有限公司,电信技术;计算机软件及计算机应用;自动化技术;,天津移动知识图谱驱动的智能应答机器人系统
石理,中国移动通信集团天津有限公司,计算机软件及计算机应用;自动化技术;图书情报与数字图书馆;,天津移动知识图谱驱动的智能应答机器人系统
田雷,中国移动通信集团天津有限公司,计算机软件及计算机应用;电信技术;自动化技术;,天津移动知识图谱驱动的智能应答机器人系统
吴娜,中国移动通信集团天津有限公司,自动化技术;图书情报与数字图书馆;,天津移动知识图谱驱动的智能应答机器人系统
林旺群,解放军军事科学院,计算机软件及计算机应用;计算机硬件技术;电力工业;,知识图谱研究现状及军事应用
汪淼,解放军军事科学院,武器工业与军事技术;图书情报与数字图书馆;,知识图谱研究现状及军事应用
王伟,国防科学技术大学,计算机硬件技术;电信技术;武器工业与军事技术;,知识图谱研究现状及军事应用
王重楠,解放军军事科学院,武器工业与军事技术;图书情报与数字图书馆;,知识图谱研究现状及军事应用
金松昌,解放军军事科学院,计算机软件及计算机应用;计算机硬件技术;电信技术;,知识图谱研究现状及军事应用
李泽荃,华北科技学院,矿业工程;行政学及国家行政管理;电力工业;,多源异构数据应急知识图谱构建与应用研究
祁慧,华北科技学院,矿业工程;安全科学与灾害防治;工业经济;,多源异构数据应急知识图谱构建与应用研究
曹家琳,华北科技学院,矿业工程;安全科学与灾害防治;计算机软件及计算机应用;,多源异构数据应急知识图谱构建与应用研究
郄楠,美国微软(中国)有限公司,保险;计算机软件及计算机应用;,以知识图谱为核心的保险行业人工智能解决方案
侯鸿志,美国微软(中国)有限公司,保险;计算机软件及计算机应用;,以知识图谱为核心的保险行业人工智能解决方案
李烨,美国微软(中国)有限公司,保险;计算机软件及计算机应用;,以知识图谱为核心的保险行业人工智能解决方案
姚思雨,西安交通大学,计算机软件及计算机应用;电力工业;自动化技术;,规则引导的知识图谱联合嵌入方法
赵天哲,西安交通大学,计算机软件及计算机应用;自动化技术;图书情报与数字图书馆;,规则引导的知识图谱联合嵌入方法
王瑞杰,西安交通大学,电力工业;计算机软件及计算机应用;自动化技术;,规则引导的知识图谱联合嵌入方法
刘均,西安交通大学,计算机软件及计算机应用;电力工业;电信技术;,规则引导的知识图谱联合嵌入方法
高仰,江南大学,计算机软件及计算机应用;,融合知识图谱和短期偏好的推荐算法
刘渊,江南大学,计算机软件及计算机应用;互联网技术;电信技术;,融合知识图谱和短期偏好的推荐算法
黄炜,上海浦东发展银行股份有限公司,金融;计算机软件及计算机应用;图书情报与数字图书馆;,知识图谱在银行业的应用分析
高岽鸣,上海浦东发展银行股份有限公司,计算机软件及计算机应用;金融;,知识图谱在银行业的应用分析
陈宁,上海浦东发展银行股份有限公司,计算机软件及计算机应用;金融;,知识图谱在银行业的应用分析
宋梦雪,青岛理工大学,计算机软件及计算机应用;,基于自然语言处理的教育领域知识图谱的构建
张宇飞,河北工程大学,旅游;互联网技术;计算机软件及计算机应用;,河北省旅游景点知识图谱的构建与应用
王兰兰,河北工程大学,计算机软件及计算机应用;图书情报与数字图书馆;体育;,基于知识表示学习的冬奥会知识图谱构建与可视化系统实现
王丽敏,中国科学院软件研究所,电信技术;互联网技术;电力工业;,漏洞知识图谱的构建及漏洞态势感知技术研究
毛金莹,河北科技大学,计算机软件及计算机应用;,基于知识图谱的视觉问答系统设计与实现
孟寒姣,河北科技大学,铁路运输;计算机软件及计算机应用;,基于知识图谱的铁路电务事故智能问答系统的设计与实现
贺云艳,广西大学,计算机软件及计算机应用;图书情报与数字图书馆;,面向教育的中文知识图谱自动构建技术研究
董丽叶,河北科技大学,铁路运输;图书情报与数字图书馆;,基于知识图谱的S市地铁机电设备故障处理优化研究
卢超,河北科技大学,计算机软件及计算机应用;,基于多模态知识图谱的图像描述
杨林,山东省兖州矿业集团有限公司,矿业工程;计算机软件及计算机应用;自动化技术;,构建煤炭领域知识图谱推动人工智能初阶应用
伍远冰,山东省兖州矿业集团有限公司,矿业工程;自动化技术;计算机软件及计算机应用;,构建煤炭领域知识图谱推动人工智能初阶应用
王野,山东省兖州矿业集团有限公司,矿业工程;自动化技术;互联网技术;,构建煤炭领域知识图谱推动人工智能初阶应用
韦书令,广西开放大学,教育理论与教育管理;计算机软件及计算机应用;成人教育与特殊教育;,融合知识图谱的远程教育课堂教学：挑战与实施
陈铭斌,南宁市第三十三中学,资源科学;计算机软件及计算机应用;教育理论与教育管理;,融合知识图谱的远程教育课堂教学：挑战与实施
王雪梅,山西财经大学,计算机软件及计算机应用;图书情报与数字图书馆;,数字人文领域中知识图谱的研究与应用
应坚超,浙江工商大学,计算机软件及计算机应用;电力工业;自动化技术;,基于互逆和对称关系补全的知识图谱数据扩展方法
蒲飞,浙江工商大学,电力工业;计算机软件及计算机应用;电信技术;,基于互逆和对称关系补全的知识图谱数据扩展方法
徐晨鸥,浙江工商大学,计算机软件及计算机应用;电力工业;,基于互逆和对称关系补全的知识图谱数据扩展方法
杨柏林,浙江工商大学,计算机软件及计算机应用;电信技术;电力工业;,基于互逆和对称关系补全的知识图谱数据扩展方法
刘洋,东北石油大学,计算机软件及计算机应用;自动化技术;石油天然气工业;,基于DQV词表规范的知识图谱质量模型研究
袁满,东北石油大学,计算机软件及计算机应用;互联网技术;计算机硬件技术;,基于DQV词表规范的知识图谱质量模型研究
涂建华,北京化工大学,数学;互联网技术;高等教育;,构建微积分知识图谱  助推一流课程建设
肖珺怡,北京化工大学,数学;高等教育;,构建微积分知识图谱  助推一流课程建设
姜广峰,北京化工大学,数学;高等教育;有机化工;,构建微积分知识图谱  助推一流课程建设
张春霞,北京理工大学,计算机软件及计算机应用;电力工业;自动化技术;,数学课程知识图谱构建及其推理
彭成,北京理工大学,电力工业;数学;,数学课程知识图谱构建及其推理
罗妹秋,北京理工大学,电力工业;计算机软件及计算机应用;数学;,数学课程知识图谱构建及其推理
牛振东,北京理工大学,计算机软件及计算机应用;图书情报与数字图书馆;电力工业;,数学课程知识图谱构建及其推理
王思宇,西南财经大学,计算机软件及计算机应用;自动化技术;图书情报与数字图书馆;,基于知识图谱的在线商品问答研究
邱江涛,西南财经大学,计算机软件及计算机应用;自动化技术;电力工业;,基于知识图谱的在线商品问答研究
洪川洋,西南财经大学,计算机软件及计算机应用;自动化技术;图书情报与数字图书馆;,基于知识图谱的在线商品问答研究
江岭,成都晓多科技有限公司,计算机软件及计算机应用;电力工业;电信技术;,基于知识图谱的在线商品问答研究
吕阳燕,中国移动通信集团浙江省有限公司,企业经济;信息经济与邮政经济;,知识图谱在预算编制审核中的应用探索——以Y通信企业为例
邵晓蕾,中国移动通信集团浙江省有限公司,企业经济;信息经济与邮政经济;,知识图谱在预算编制审核中的应用探索——以Y通信企业为例
林泽斐,福建师范大学,图书情报与数字图书馆;计算机软件及计算机应用;民商法;,融合结构与文本特征的知识图谱关系预测方法研究
欧石燕,南京大学,图书情报与数字图书馆;计算机软件及计算机应用;出版;,融合结构与文本特征的知识图谱关系预测方法研究
王琼,甘肃省电力公司,电力工业;计算机软件及计算机应用;自动化技术;,知识图谱在电力行业的应用与研究
杨波,甘肃省电力公司,计算机软件及计算机应用;电力工业;自动化技术;,知识图谱在电力行业的应用与研究
王智悦,新疆大学,计算机软件及计算机应用;自动化技术;临床医学;,基于知识图谱的智能问答研究综述
于清,新疆大学,计算机软件及计算机应用;自动化技术;高等教育;,基于知识图谱的智能问答研究综述
王楠,新疆大学,计算机软件及计算机应用;,基于知识图谱的智能问答研究综述
王耀国,新疆维吾尔自治区人民医院,计算机软件及计算机应用;仪器仪表工业;临床医学;,基于知识图谱的智能问答研究综述
王雯,武昌职业学院,贸易经济;互联网技术;计算机软件及计算机应用;,基于电商数据的产品知识图谱构建研究综述
覃晓,广西医科大学第一附属医院,计算机软件及计算机应用;肿瘤学;外科学;,知识图谱技术进展及展望
廖兆琪,南宁师范大学,计算机软件及计算机应用;自动化技术;文化;,知识图谱技术进展及展望
施宇,南宁师范大学,计算机软件及计算机应用;自动化技术;文化;,知识图谱技术进展及展望
元昌安,广西教育学院,计算机软件及计算机应用;自动化技术;高等教育;,知识图谱技术进展及展望
覃晓,广西医科大学第一附属医院,计算机软件及计算机应用;肿瘤学;外科学;,知识图谱技术进展及展望
廖兆琪,南宁师范大学,计算机软件及计算机应用;自动化技术;文化;,知识图谱技术进展及展望
施宇,南宁师范大学,计算机软件及计算机应用;自动化技术;文化;,知识图谱技术进展及展望
元昌安,广西教育学院,计算机软件及计算机应用;自动化技术;高等教育;,知识图谱技术进展及展望
喻凡坤,解放军军事科学院,航空航天科学与工程;计算机软件及计算机应用;自动化技术;,无人系统故障知识图谱的构建方法及应用
胡超芳,天津大学,航空航天科学与工程;自动化技术;计算机软件及计算机应用;,无人系统故障知识图谱的构建方法及应用
罗晓亮,解放军军事科学院,无线电电子学;航空航天科学与工程;有机化工;,无人系统故障知识图谱的构建方法及应用
梁秀兵,解放军军事科学院,金属学及金属工艺;材料科学;无线电电子学;,无人系统故障知识图谱的构建方法及应用
王兰成,解放军国防大学,计算机软件及计算机应用;图书情报与数字图书馆;档案及博物馆;,多学科视域网络舆情知识图谱研究的现状和展望
熊建英,江西警察学院,公安;新闻与传媒;计算机软件及计算机应用;,基于知识图谱的社交媒体内容可信审查研究
涂敏,江西警察学院,公安;计算机软件及计算机应用;电信技术;,基于知识图谱的社交媒体内容可信审查研究
陈康,西南大学,计算机软件及计算机应用;,基于需求知识图谱的微服务架构设计
杨旭东,电子科技大学,计算机软件及计算机应用;,基于知识图谱构建的推理补全算法
靳巾,中央广播电视总台,电信技术;自动化技术;计算机软件及计算机应用;,融媒体领域知识图谱建设和应用实践
李涛,战略支援部队信息工程大学,电信技术;互联网技术;计算机软件及计算机应用;,威胁情报知识图谱构建与应用关键技术研究
胡茹艳,云南师范大学,计算机软件及计算机应用;教育理论与教育管理;高等教育;,基于Web的课程知识图谱的构建方法研究
高海翔,广东电网公司,电力工业;计算机软件及计算机应用;自动化技术;,知识图谱及其在电力系统中的应用研究综述
苗璐,广东电网公司,电力工业;计算机软件及计算机应用;自然地理学和测绘学;,知识图谱及其在电力系统中的应用研究综述
刘嘉宁,广东电网公司,电力工业;计算机软件及计算机应用;自动化技术;,知识图谱及其在电力系统中的应用研究综述
林湘宁,华中科技大学,电力工业;自动化技术;动力工程;,知识图谱及其在电力系统中的应用研究综述
董锴,广东电网公司,电力工业;计算机软件及计算机应用;自动化技术;,知识图谱及其在电力系统中的应用研究综述
何祥针,广东电网公司,电力工业;计算机软件及计算机应用;图书情报与数字图书馆;,知识图谱及其在电力系统中的应用研究综述
刘勤,上海理工大学,计算机软件及计算机应用;,基于知识图谱用户偏好传播的实体推荐模型
陈世平,上海理工大学,互联网技术;计算机软件及计算机应用;金属学及金属工艺;,基于知识图谱用户偏好传播的实体推荐模型
霍欢,悉尼科技大学,计算机软件及计算机应用;自动化技术;电信技术;,基于知识图谱用户偏好传播的实体推荐模型
李小平,北京理工大学,计算机软件及计算机应用;教育理论与教育管理;自动化技术;,基于知识图谱设计的VR教学资源建构问题研究
董银银,北京理工大学,计算机软件及计算机应用;图书情报与数字图书馆;教育理论与教育管理;,基于知识图谱设计的VR教学资源建构问题研究
姜丽萍,北京教育科学研究院,职业教育;教育理论与教育管理;计算机软件及计算机应用;,基于知识图谱设计的VR教学资源建构问题研究
张琳,北京建筑大学,教育理论与教育管理;计算机软件及计算机应用;高等教育;,基于知识图谱设计的VR教学资源建构问题研究
赵丰年,北京理工大学,教育理论与教育管理;计算机软件及计算机应用;高等教育;,基于知识图谱设计的VR教学资源建构问题研究
许琼,北京信息职业技术学院,计算机软件及计算机应用;图书情报与数字图书馆;教育理论与教育管理;,基于知识图谱设计的VR教学资源建构问题研究
孙涵,太原广播电视大学,成人教育与特殊教育;教育理论与教育管理;图书情报与数字图书馆;,知识图谱在老年教育中的应用
齐悦,太原广播电视大学,计算机软件及计算机应用;互联网技术;教育理论与教育管理;,知识图谱在老年教育中的应用
瞿龙,中央民族大学,图书情报与数字图书馆;中等教育;,高中物理学科知识图谱的构建与应用研究
孙为,琼台师范学院,计算机软件及计算机应用;教育理论与教育管理;高等教育;,面向语言智能教学系统的领域知识图谱构建
任函,广东外语外贸大学,计算机软件及计算机应用;中国语言文字;教育理论与教育管理;,面向语言智能教学系统的领域知识图谱构建
尹天露,河北工程大学,医药卫生方针政策与法律法规研究;预防医学与卫生学;临床医学;,基于疲劳疾病知识图谱的疲劳标志物对疲劳相关疾病潜在筛查价值模型构建
高晓欢,中国全科医学杂志社,医药卫生方针政策与法律法规研究;临床医学;电力工业;,基于疲劳疾病知识图谱的疲劳标志物对疲劳相关疾病潜在筛查价值模型构建
刘志军,河北工程大学,医药卫生方针政策与法律法规研究;临床医学;肿瘤学;,基于疲劳疾病知识图谱的疲劳标志物对疲劳相关疾病潜在筛查价值模型构建
王彦冰,河北工程大学,临床医学;,基于疲劳疾病知识图谱的疲劳标志物对疲劳相关疾病潜在筛查价值模型构建
梁爽,河北工程大学,肿瘤学;外科学;中医学;,基于疲劳疾病知识图谱的疲劳标志物对疲劳相关疾病潜在筛查价值模型构建
许岩丽,中国全科医学杂志社,医药卫生方针政策与法律法规研究;医学教育与医学边缘学科;临床医学;,基于疲劳疾病知识图谱的疲劳标志物对疲劳相关疾病潜在筛查价值模型构建
雷瑛,解放军31008部队,武器工业与军事技术;,多源数据融合的军事知识图谱构建
李军让,解放军31008部队,武器工业与军事技术;计算机软件及计算机应用;军事;,多源数据融合的军事知识图谱构建
曾熠,解放军31008部队,武器工业与军事技术;计算机软件及计算机应用;计算机硬件技术;,多源数据融合的军事知识图谱构建
吴继冰,国防科学技术大学,计算机软件及计算机应用;计算机硬件技术;电力工业;,多源数据融合的军事知识图谱构建
王新伟,解放军31008部队,武器工业与军事技术;,多源数据融合的军事知识图谱构建
周鹏,北京明略软件系统有限公司,电力工业;公安;计算机软件及计算机应用;,知识图谱在公安领域的构建与应用研究
胡运涛,北京明略软件系统有限公司,电力工业;公安;计算机软件及计算机应用;,知识图谱在公安领域的构建与应用研究
苗世茂,北京明略软件系统有限公司,计算机软件及计算机应用;公安;,知识图谱在公安领域的构建与应用研究
马忠贵,北京科技大学,电信技术;计算机软件及计算机应用;自动化技术;,知识图谱的最新进展、关键技术和挑战
倪润宇,北京科技大学,计算机软件及计算机应用;图书情报与数字图书馆;,知识图谱的最新进展、关键技术和挑战
余开航,北京科技大学,计算机软件及计算机应用;图书情报与数字图书馆;,知识图谱的最新进展、关键技术和挑战
家明强,云南师范大学,计算机软件及计算机应用;计算机硬件技术;教育理论与教育管理;,知识图谱的构建及应用研究
张彦,中国航空无线电电子研究所,计算机软件及计算机应用;计算机硬件技术;航空航天科学与工程;,面向软件工程的知识图谱构建技术研究
孟令军,中国航空无线电电子研究所,计算机软件及计算机应用;计算机硬件技术;航空航天科学与工程;,面向软件工程的知识图谱构建技术研究
王瑞辰,中国航空无线电电子研究所,计算机软件及计算机应用;电力工业;,面向软件工程的知识图谱构建技术研究
向军毅,武汉科技大学,计算机软件及计算机应用;,COVID-19物资知识图谱的构建
胡慧君,武汉科技大学,计算机软件及计算机应用;自动化技术;高等教育;,COVID-19物资知识图谱的构建
刘宇,武汉科技大学,计算机软件及计算机应用;自动化技术;仪器仪表工业;,COVID-19物资知识图谱的构建
高峰,武汉科技大学,计算机软件及计算机应用;医学教育与医学边缘学科;预防医学与卫生学;,COVID-19物资知识图谱的构建
唐东昕,贵州中医药大学第一附属医院,中医学;中药学;肿瘤学;,COVID-19物资知识图谱的构建
刘茂福,武汉科技大学,计算机软件及计算机应用;自动化技术;高等教育;,COVID-19物资知识图谱的构建
田迎,湖北大学,计算机软件及计算机应用;自动化技术;精神病学;,基于知识图谱的抑郁症自动问答系统研究
单娅辉,湖北大学,计算机软件及计算机应用;中药学;图书情报与数字图书馆;,基于知识图谱的抑郁症自动问答系统研究
王时绘,湖北大学,计算机软件及计算机应用;电信技术;互联网技术;,基于知识图谱的抑郁症自动问答系统研究
刘晨光,陆军工程大学,工业通用技术及设备;数学;计算机软件及计算机应用;,装备保障性验证知识图谱构建方法研究
李星新,陆军工程大学,计算机软件及计算机应用;武器工业与军事技术;自动化技术;,装备保障性验证知识图谱构建方法研究
于永利,陆军工程大学,武器工业与军事技术;计算机软件及计算机应用;军事;,装备保障性验证知识图谱构建方法研究
孙也尊,解放军32382部队,计算机软件及计算机应用;,装备保障性验证知识图谱构建方法研究
赵振兵,华北电力大学,计算机软件及计算机应用;电力工业;自动化技术;,基于门控图神经网络的栓母对知识图谱构建与应用
段记坤,华北电力大学,计算机软件及计算机应用;电力工业;自动化技术;,基于门控图神经网络的栓母对知识图谱构建与应用
孔英会,华北电力大学,计算机软件及计算机应用;电力工业;自动化技术;,基于门控图神经网络的栓母对知识图谱构建与应用
张东霞,中国电力科学研究院,电力工业;工业经济;计算机软件及计算机应用;,基于门控图神经网络的栓母对知识图谱构建与应用
涂俊彪,洛阳师范学院,体育;轻工业手工业;仪器仪表工业;,科学知识图谱在体育科学研究中的应用探析
赵紫英,工银瑞信基金管理有限公司,证券;投资;图书情报与数字图书馆;,基金行业知识图谱的构建与应用
张化军,工银瑞信基金管理有限公司,证券;投资;图书情报与数字图书馆;,基金行业知识图谱的构建与应用
刘振业,工银瑞信基金管理有限公司,证券;投资;图书情报与数字图书馆;,基金行业知识图谱的构建与应用
林一松,中国建设银行,金融;企业经济;图书情报与数字图书馆;,知识图谱在金融行业的应用研究
秦祎,中国建设银行,金融;投资;图书情报与数字图书馆;,知识图谱在金融行业的应用研究
秦浩炜,中国建设银行,金融;企业经济;图书情报与数字图书馆;,知识图谱在金融行业的应用研究
卢恒,吉林大学,图书情报与数字图书馆;计算机软件及计算机应用;新闻与传媒;,基于知识图谱的网络社区学术资源深度聚合框架研究
张向先,吉林大学,图书情报与数字图书馆;新闻与传媒;企业经济;,基于知识图谱的网络社区学术资源深度聚合框架研究
尚丽维,吉林大学,图书情报与数字图书馆;新闻与传媒;医学教育与医学边缘学科;,基于知识图谱的网络社区学术资源深度聚合框架研究
郭勇,中南大学,图书情报与数字图书馆;新闻与传媒;社会学及统计学;,基于知识图谱的网络社区学术资源深度聚合框架研究
高鸿斌,河北科技大学,计算机软件及计算机应用;自动化技术;电信技术;,K-VQA:一种知识图谱辅助下的视觉问答方法
毛金莹,河北科技大学,计算机软件及计算机应用;,K-VQA:一种知识图谱辅助下的视觉问答方法
王会勇,河北科技大学,计算机软件及计算机应用;自动化技术;电力工业;,K-VQA:一种知识图谱辅助下的视觉问答方法
陶坤旺,中国测绘科学研究院,自然地理学和测绘学;计算机软件及计算机应用;计算机硬件技术;,面向一体化综合减灾的知识图谱构建方法
赵阳阳,中国测绘科学研究院,自然地理学和测绘学;计算机软件及计算机应用;环境科学与资源利用;,面向一体化综合减灾的知识图谱构建方法
朱鹏,中国测绘科学研究院,计算机软件及计算机应用;地质学;地球物理学;,面向一体化综合减灾的知识图谱构建方法
朱月月,兰州交通大学,地质学;工业通用技术及设备;自然地理学和测绘学;,面向一体化综合减灾的知识图谱构建方法
刘帅,辽宁工程技术大学,地质学;地球物理学;,面向一体化综合减灾的知识图谱构建方法
赵习枝,中国测绘科学研究院,自然地理学和测绘学;地质学;计算机软件及计算机应用;,面向一体化综合减灾的知识图谱构建方法
于淑婷,石河子大学,肿瘤学;,肿瘤相关的细胞外基质基因知识图谱的构建与应用
黄煜俊,湖北工业大学,计算机软件及计算机应用;电力工业;自动化技术;,基于深度学习的裁判文书知识图谱构建研究
王英杰,北京建筑大学,计算机软件及计算机应用;自然地理学和测绘学;水利水电工程;,基于知识图谱的地理实体关系构建研究
张肃,长春理工大学,物理学;仪器仪表工业;材料科学;,基于知识图谱的企业知识服务模型构建研究
许慧,长春理工大学,宏观经济管理与可持续发展;金融;企业经济;,基于知识图谱的企业知识服务模型构建研究
赵丹群,北京大学,图书情报与数字图书馆;互联网技术;科学研究管理;,文献计量范式下的科学知识图谱研究：新进展与新挑战
翟姗姗,华中师范大学,图书情报与数字图书馆;新闻与传媒;文化;,基于医学知识图谱的慢性病在线医疗社区分面检索研究
潘英增,华中师范大学,医学教育与医学边缘学科;图书情报与数字图书馆;医药卫生方针政策与法律法规研究;,基于医学知识图谱的慢性病在线医疗社区分面检索研究
胡畔,华中师范大学,图书情报与数字图书馆;医学教育与医学边缘学科;新闻与传媒;,基于医学知识图谱的慢性病在线医疗社区分面检索研究
郑路,华中师范大学,图书情报与数字图书馆;新闻与传媒;医药卫生方针政策与法律法规研究;,基于医学知识图谱的慢性病在线医疗社区分面检索研究
廖子慧,北京林业大学,计算机软件及计算机应用;自动化技术;外国语言文字;,基于知识图谱的英语语法智能题库系统研建
陈晓军,同济大学,计算机软件及计算机应用;企业经济;,企业风险知识图谱的构建及应用
向阳,同济大学,计算机软件及计算机应用;自动化技术;互联网技术;,企业风险知识图谱的构建及应用
刘宾楚,东南大学,计算机软件及计算机应用;,知识图谱中的多元关系挖掘方法研究与实现
阮光册,华东师范大学,图书情报与数字图书馆;计算机软件及计算机应用;新闻与传媒;,知识图谱在实体检索中的应用研究综述
樊宇航,华东师范大学,图书情报与数字图书馆;教育理论与教育管理;中等教育;,知识图谱在实体检索中的应用研究综述
夏磊,上海图书馆,图书情报与数字图书馆;计算机软件及计算机应用;新闻与传媒;,知识图谱在实体检索中的应用研究综述
秦川,中国科学技术大学,电信技术;计算机软件及计算机应用;电力工业;,基于知识图谱的推荐系统研究综述
祝恒书,北京百度网讯科技有限公司,计算机软件及计算机应用;电力工业;计算机硬件技术;,基于知识图谱的推荐系统研究综述
庄福振,中国科学院,计算机软件及计算机应用;电力工业;计算机硬件技术;,基于知识图谱的推荐系统研究综述
郭庆宇,中国科学院大学,计算机硬件技术;临床医学;计算机软件及计算机应用;,基于知识图谱的推荐系统研究综述
张琦,百度在线网络技术(北京)有限公司,计算机软件及计算机应用;电力工业;仪器仪表工业;,基于知识图谱的推荐系统研究综述
张乐,中国科学技术大学,电信技术;计算机软件及计算机应用;电力工业;,基于知识图谱的推荐系统研究综述
王超,中国科学技术大学,计算机硬件技术;计算机软件及计算机应用;电力工业;,基于知识图谱的推荐系统研究综述
陈恩红,中国科学技术大学,计算机软件及计算机应用;电力工业;自动化技术;,基于知识图谱的推荐系统研究综述
熊辉,北京百度网讯科技有限公司,电力工业;计算机软件及计算机应用;化学;,基于知识图谱的推荐系统研究综述
杨清清,东南大学,计算机软件及计算机应用;图书情报与数字图书馆;,基于网络角色的知识图谱实体嵌入方法的研究与实现
董洪伟,北京林业大学,计算机软件及计算机应用;一般服务业;,基于知识图谱的菜品推荐系统
饶子昀,中国船舶重工集团公司武汉数字工程研究所,电力工业;计算机软件及计算机应用;图书情报与数字图书馆;,应用知识图谱的推荐方法与系统
张毅,哈尔滨工程大学,电力工业;计算机软件及计算机应用;电信技术;,应用知识图谱的推荐方法与系统
刘俊涛,中国船舶重工集团第七零九研究所,计算机软件及计算机应用;电力工业;自动化技术;,应用知识图谱的推荐方法与系统
曹万华,中国船舶重工集团公司武汉数字工程研究所,计算机软件及计算机应用;自动化技术;电信技术;,应用知识图谱的推荐方法与系统
邹易呈,大连理工大学,公路与水路运输;自动化技术;,基于多源数据融合的交通知识图谱构建及应用
张秀红,武汉大学,自然地理学和测绘学;计算机软件及计算机应用;工业通用技术及设备;,基于知识图谱的遥感影像应用领域知识服务研究
钟小平,天津大学,计算机软件及计算机应用;电力工业;,基于品牌指数知识图谱的问答系统研究与实现
杨浩然,东南大学,计算机软件及计算机应用;电力工业;自动化技术;,基于知识图谱的社交媒体情感分析研究
张腾腾,,,基于知识图谱的医学文献摘要抽取方法的研究与实现
丁金如,东南大学,计算机软件及计算机应用;图书情报与数字图书馆;,知识图谱中实体群体画像方法的研究与实现
钱双双,浙江工业大学,计算机软件及计算机应用;金融;,金融领域的知识图谱构建与应用
甄玉敏,北京交通大学,计算机软件及计算机应用;,基于知识图谱的个性化新闻推荐系统的设计与实现
王琳,天津大学,自动化技术;图书情报与数字图书馆;,一种张量分解的知识图谱推理优化算法
张国坤,天津大学,自动化技术;图书情报与数字图书馆;,一种张量分解的知识图谱推理优化算法
徐逸浓,重庆市南开中学,自动化技术;图书情报与数字图书馆;,一种张量分解的知识图谱推理优化算法
姜宇星,南京理工大学,图书情报与数字图书馆;自动化技术;宏观经济管理与可持续发展;,基于大数据的市场监管知识图谱研究
王曰芬,南京理工大学,图书情报与数字图书馆;新闻与传媒;科学研究管理;,基于大数据的市场监管知识图谱研究
邹超群,西安理工大学,计算机软件及计算机应用;电力工业;教育理论与教育管理;,基于知识图谱的智慧学习平台的设计与实现
张少华,东南大学,医学教育与医学边缘学科;,基于知识图谱的医学影像报告分析方法研究和应用
李容,重庆邮电大学,电信技术;计算机软件及计算机应用;电力工业;,基于知识图谱的手机质量检测方法研究与实现
赵孛,成都理工大学,计算机软件及计算机应用;医药卫生方针政策与法律法规研究;,基于知识图谱的智能病历管理应用研究
闫艺婷,广东技术师范大学,计算机软件及计算机应用;电力工业;医药卫生方针政策与法律法规研究;,基于知识图谱的保险问答算法研究
成振华,重庆邮电大学,计算机软件及计算机应用;,基于知识图谱的电影推荐技术研究
刘芳,中国科学院遥感与数字地球研究所,档案及博物馆;考古;计算机软件及计算机应用;,以藏品为核心的知识图谱设计与应用
谢靖,中国科学院大学,图书情报与数字图书馆;计算机软件及计算机应用;电力工业;,以藏品为核心的知识图谱设计与应用
梁聪,桂林电子科技大学,计算机软件及计算机应用;计算机硬件技术;自动化技术;,面向智慧旅游的知识图谱构建研究
罗欢,北京林业大学,林业;,人工林培育知识图谱构建与作业法推荐技术研究
周思佳,中国人民公安大学,公安;军事;,公安行动指挥员个性化学习研究
孙华君,中国中医科学院,中医学;计算机软件及计算机应用;,知识图谱及其在中医药领域应用研究进展
李海燕,中国中医科学院中医药信息研究所,中医学;医学教育与医学边缘学科;中药学;,知识图谱及其在中医药领域应用研究进展
聂莹,中国中医科学院中医药信息研究所,中医学;工业通用技术及设备;图书情报与数字图书馆;,知识图谱及其在中医药领域应用研究进展
甄思圆,中国中医科学院中医药信息研究所,中医学;中药学;医学教育与医学边缘学科;,知识图谱及其在中医药领域应用研究进展
刘凡,中国中医科学院中医临床基础医学研究所,中医学;计算机软件及计算机应用;医学教育与医学边缘学科;,基于知识图谱技术的名老中医慢性胃炎辨证论治方案研究
周娇娇,中国中医科学院广安门医院,中医学;外科学;临床医学;,基于CiteSpace的国内注射疗法治疗直肠脱垂的知识图谱研究
唐志辉,东南大学,计算机软件及计算机应用;金融;,基于事理图谱和知识图谱的金融领域问答系统设计与实现
徐浩,解放军军事科学院,生物学;,辐射相关基因知识图谱的构建与应用
仇婷婷,东北石油大学,计算机软件及计算机应用;电力工业;自动化技术;,基于知识图谱的自适应学习系统研究
彭国雁,北京邮电大学,戏剧电影与电视艺术;美术书法雕塑与摄影;,面向京剧知识图谱的信息可视化研究与设计
柳伟新,中国人民公安大学,公安;图书情报与数字图书馆;,防爆安检知识图谱构建研究
张骄,北京化工大学,石油天然气工业;,知识图谱在页岩气水力压裂项目管理中的应用研究
黄之凡,北京邮电大学,计算机软件及计算机应用;自动化技术;,基于知识图谱表示学习的链接预测算法研究
宋伟,太原科技大学,计算机软件及计算机应用;图书情报与数字图书馆;环境科学与资源利用;,基于环境信息融合的知识图谱构建方法
张游杰,中国电子科技集团第三十三研究所,计算机软件及计算机应用;电信技术;自动化技术;,基于环境信息融合的知识图谱构建方法
韩慧,山西省财政税务专科学校,互联网技术;计算机软件及计算机应用;计算机硬件技术;,基于知识图谱的商品推荐系统
乔学伟,海军工程大学,武器工业与军事技术;图书情报与数字图书馆;,联合作战信息服务军事知识图谱应用分析
李启元,海军工程大学,计算机软件及计算机应用;军事;自动化技术;,联合作战信息服务军事知识图谱应用分析
李旭倩,解放军31008部队,武器工业与军事技术;图书情报与数字图书馆;,联合作战信息服务军事知识图谱应用分析
程志强,解放军31008部队,武器工业与军事技术;图书情报与数字图书馆;,联合作战信息服务军事知识图谱应用分析
刘树衎,海军工程大学,武器工业与军事技术;计算机软件及计算机应用;船舶工业;,联合作战信息服务军事知识图谱应用分析
郑培珺,青海师范大学,中等教育;,基于大数据分析的初中数学知识图谱构建研究
周勉之,华中科技大学,计算机软件及计算机应用;,基于异构资源的知识图谱系统设计与实现
韩雨婷,大连海事大学,自动化技术;计算机软件及计算机应用;,知识图谱中语义路径组合关系的推理算法研究
杨佳琦,内蒙古科技大学,计算机软件及计算机应用;医药卫生方针政策与法律法规研究;内分泌腺及全身性疾病;,基于中文自然语言处理的糖尿病知识图谱构建
赵彤宇,齐鲁工业大学,工业通用技术及设备;医学教育与医学边缘学科;临床医学;,医学知识图谱构建方法研究及在疾病诊断中的应用
史入文,上海社会科学院,计算机软件及计算机应用;图书情报与数字图书馆;工业经济;,融合知识图谱和情感分析的推荐算法研究
章志鹏,云南财经大学,计算机软件及计算机应用;自动化技术;图书情报与数字图书馆;,知识图谱的应用研究现状与发展趋势——基于CiteSpace的可视化分析
曾志勇,中国电信股份有限公司,计算机软件及计算机应用;自动化技术;企业经济;,知识图谱的应用研究现状与发展趋势——基于CiteSpace的可视化分析
李忠,云南财经大学,计算机软件及计算机应用;图书情报与数字图书馆;,知识图谱的应用研究现状与发展趋势——基于CiteSpace的可视化分析
吕特特,北京交通大学,自动化技术;图书情报与数字图书馆;,面向专业领域文献的知识图谱构建与应用
闫斌,南昌大学,计算机软件及计算机应用;新闻与传媒;,基于知识图谱的新闻推荐系统的研究与实现
田玉梅,南昌大学,计算机软件及计算机应用;,基于知识图谱的协同过滤算法的研究与应用
王凯,南昌大学,电力工业;计算机软件及计算机应用;,基于知识图谱的非完备信息博弈自动问答系统研究与实现
骆浩楠,东南大学,计算机软件及计算机应用;自动化技术;科学研究管理;,基于多源文本分析的机器人领域知识图谱构建
陆彦强,兰州财经大学,投资;金融;,基于知识图谱技术的商业银行个人信贷风险识别
马刚,中核控制系统工程有限公司,核科学技术;电力工业;计算机硬件技术;,基于企业质量问题知识图谱的构建及应用
李楠,中核控制系统工程有限公司,核科学技术;电力工业;自动化技术;,基于企业质量问题知识图谱的构建及应用
郭叶鹏,中核控制系统工程有限公司,图书情报与数字图书馆;企业经济;,基于企业质量问题知识图谱的构建及应用
房辉,安徽理工大学,计算机软件及计算机应用;,基于众包的微博热搜知识图谱的构建与研究
王鑫,东南大学,计算机软件及计算机应用;互联网技术;,基于YANG模型的网络领域知识图谱构建及应用
王旭鹏,重庆邮电大学,计算机软件及计算机应用;图书情报与数字图书馆;,基于知识图谱的人机交互话题推荐方法研究
赵红睿,北京邮电大学,计算机软件及计算机应用;互联网技术;,面向产品信息安全评估的知识图谱构建及应用
吕英振,北京邮电大学,计算机软件及计算机应用;,基于知识图谱的电影知识问答系统设计与实现
许祺,北京邮电大学,机械工业;电力工业;,基于知识图谱的CNC故障诊断系统
陈剑冲,北京邮电大学,计算机软件及计算机应用;,面向特定领域的知识图谱构建与实现
盛泳潘,电子科技大学,计算机软件及计算机应用;电信技术;自动化技术;,面向知识图谱的学习算法研究与应用
朱小龙,长江大学,计算机软件及计算机应用;地质学;石油天然气工业;,基于海量文本数据的知识图谱自动构建算法
谢忠,中国地质大学(武汉),计算机软件及计算机应用;自然地理学和测绘学;电信技术;,基于海量文本数据的知识图谱自动构建算法
吴金盛,北京邮电大学,电力工业;计算机软件及计算机应用;,基于知识图谱的会话型推荐系统的研究与实现
张杰,北京邮电大学,计算机软件及计算机应用;企业经济;,基于知识图谱的企业信用评价系统的设计与实现
韦波,上海师范大学,文化;图书情报与数字图书馆;,我国非遗研究的知识图谱构建与分析
邢萌,陆军装甲兵学院,计算机软件及计算机应用;电信技术;武器工业与军事技术;,军事领域知识图谱的构建及应用
杨朝红,陆军装甲兵学院,计算机软件及计算机应用;自动化技术;互联网技术;,军事领域知识图谱的构建及应用
毕建权,陆军装甲兵学院,仪器仪表工业;武器工业与军事技术;电信技术;,军事领域知识图谱的构建及应用
丁浩宸,中国林业科学院,林业;计算机软件及计算机应用;,基于本体的油茶中文知识图谱构建与应用
王忠明,中国林业科学院林业科技信息研究所,林业;计算机软件及计算机应用;农业经济;,基于本体的油茶中文知识图谱构建与应用
岳丽欣,中国人民大学,图书情报与数字图书馆;新闻与传媒;行政学及国家行政管理;,基于交互式可视化的领域知识图谱构建研究
刘自强,南京师范大学,图书情报与数字图书馆;计算机软件及计算机应用;科学研究管理;,基于交互式可视化的领域知识图谱构建研究
许海云,山东理工大学,图书情报与数字图书馆;科学研究管理;生物学;,基于交互式可视化的领域知识图谱构建研究
高振龙,江苏省淮安供电公司,电信技术;计算机软件及计算机应用;互联网技术;,基于知识图谱的商场智能导购系统研究
甘春江,南京供电公司,建筑科学与工程;电信技术;计算机软件及计算机应用;,基于知识图谱的商场智能导购系统研究
张海涛,云南省中烟工业公司,轻工业手工业;化学;工业经济;,分析知识图谱在领域知识多维分析中的应用路径
申晓锋,云南省中烟工业公司,轻工业手工业;化学;材料科学;,分析知识图谱在领域知识多维分析中的应用路径
戴怀睿,云南省中烟工业公司,图书情报与数字图书馆;,分析知识图谱在领域知识多维分析中的应用路径
苏杨,云南省中烟工业公司,轻工业手工业;农艺学;材料科学;,分析知识图谱在领域知识多维分析中的应用路径
武华维,西北师范大学,图书情报与数字图书馆;科学研究管理;档案及博物馆;,基于主题模型与知识图谱的电子公文主题标引方法研究
雷洁,中国农业科学院农业信息研究所,档案及博物馆;科学研究管理;电力工业;,基于知识图谱的科研档案管理研究
邓文祥,湖南中医药大学,中医学;中药学;畜牧与动物医学;,证素辨证学心系辨证知识图谱的建立及其应用
王琳,天津大学,计算机软件及计算机应用;,基于张量分解的知识图谱推理算法研究
徐梓豪,东南大学,计算机软件及计算机应用;,基于知识图谱的人物关系问答系统的设计与实现
王元波,东南大学,计算机软件及计算机应用;自动化技术;科学研究管理;,基于专利知识图谱的机器人设计问答系统开发
任梦星,中国科学院大学,计算机软件及计算机应用;图书情报与数字图书馆;,面向舰船知识领域的知识图谱构建关键技术研究
贺博驿,华中师范大学,计算机软件及计算机应用;图书情报与数字图书馆;,思政领域知识图谱构建与系统实现
李琦,大连海事大学,船舶工业;公路与水路运输;仪器仪表工业;,基于机器翻译与知识图谱的船舶信息智能查询研究
王松磊,哈尔滨师范大学,计算机软件及计算机应用;自动化技术;轻工业手工业;,基于机器人知识图谱的智能问答系统的设计与实现
赵思洋,哈尔滨工业大学,计算机软件及计算机应用;自动化技术;,基于联合训练和无监督方法的中文知识图谱问答研究
夏川,哈尔滨工业大学,计算机软件及计算机应用;自动化技术;教育理论与教育管理;,基于众包的课程知识图谱纠错补全研究及系统实现
乔星皓,大连海事大学,计算机软件及计算机应用;,基于知识图谱的Web服务推荐技术研究
吕刚,哈尔滨师范大学,计算机软件及计算机应用;,基于知识图谱的个性化推荐系统研究与应用
谭文杰,哈尔滨工业大学,计算机软件及计算机应用;,基于知识图谱的科技服务推荐方法
曲直,哈尔滨工业大学,生物学;计算机软件及计算机应用;,基于多组学数据的本体注释与知识图谱构建方法研究
唐成达,哈尔滨工业大学,计算机软件及计算机应用;,基于知识图谱的多轮对话技术及其应用研究
刘星焜,哈尔滨工业大学,电力工业;计算机软件及计算机应用;,面向大服务的知识图谱管理平台
王海宁,云南师范大学,计算机软件及计算机应用;文化;自动化技术;,民族节日知识图谱构建与应用研究
何芙珍,苏州大学,计算机软件及计算机应用;电力工业;图书情报与数字图书馆;,异构知识图谱融合系统的研究与实现
王成龙,辽宁中医药大学,中医学;图书情报与数字图书馆;,基于文献计量学针刺治疗膝骨性关节炎的知识图谱分析
李梦妮,浙江工业大学,计算机软件及计算机应用;电力工业;自动化技术;,基于多源数据的高校学术知识图谱构建及其应用研究
马欢欢,哈尔滨工业大学,计算机软件及计算机应用;自动化技术;,知识图谱上的学习和推理算法研究
乔振浩,哈尔滨工业大学,计算机软件及计算机应用;电力工业;自动化技术;,基于知识图谱的问答系统研究与应用
付晨鹏,科大讯飞(苏州)科技有限公司,电力工业;计算机软件及计算机应用;,知识图谱必要关系判定与开放式补全技术的研究与实现
杨一帆,苏州大学,计算机软件及计算机应用;图书情报与数字图书馆;,基于简介文本的属性挖掘与知识图谱构建
薛坤,大连理工大学,计算机软件及计算机应用;军事;,面向军事领域的知识图谱构建与应用研究
刘龙航,哈尔滨工业大学,医学教育与医学边缘学科;计算机软件及计算机应用;,基于多资源的中文医疗知识图谱构建方法研究
王康,浙江工业大学,计算机软件及计算机应用;机械工业;电力工业;,基于知识图谱的机械产品智能化设计建模与云服务平台
裘科意,浙江工业大学,计算机软件及计算机应用;互联网技术;电力工业;,基于STEP知识图谱的产品语义检索
李其娜,广西师范大学,计算机软件及计算机应用;计算机硬件技术;电力工业;,基于知识图谱的《数据结构》个性化习题推荐系统研究与实现
张琦玉,北京交通大学,计算机软件及计算机应用;图书情报与数字图书馆;,基于知识图谱的课纲信息检索系统的设计与开发
杨一帆,北京交通大学,图书情报与数字图书馆;金属学及金属工艺;,钢结构领域知识图谱构建研究
汪鑫禹,安徽农业大学,自动化技术;电力工业;计算机软件及计算机应用;,基于知识图谱的自主作业插秧机任务规划研究
王欣欣,温州大学,计算机软件及计算机应用;自动化技术;,基于深度学习的学科知识图谱构建
崔文星,北京交通大学,医学教育与医学边缘学科;计算机软件及计算机应用;自动化技术;,基于多源的医疗商业知识图谱构建研究与实现
吕颖,北京交通大学,中医学;计算机软件及计算机应用;自动化技术;,面向中医问答的知识图谱构建及问题表示算法研究
潘怀奇,广西国际商务职业技术学院,计算机软件及计算机应用;自动化技术;电力工业;,基于知识图谱元路径的协同过滤推荐算法研究
褚冰,东北石油大学,计算机软件及计算机应用;图书情报与数字图书馆;石油天然气工业;,基于知识图谱的油藏构造知识服务系统研究
徐帅博,宁夏大学,计算机软件及计算机应用;植物保护;,基于枸杞病虫害知识图谱的问答系统研究与实现
王珅,北京交通大学,计算机软件及计算机应用;肿瘤学;,基于嵌套命名实体识别的肿瘤知识图谱构建
陈威,贵州大学,自动化技术;冶金工业;,铝电解工业知识图谱的构建关键技术研究
罗睿孜,西安工业大学,计算机软件及计算机应用;,基于知识图谱的WEB语义结构生成研究
陈文哲,贵州大学,计算机软件及计算机应用;公安;,融合知识图谱的法律文本表示方法研究
王子昊,北京邮电大学,电信技术;计算机软件及计算机应用;自动化技术;,AS自治域知识图谱的构建与展示
郭金,西安电子科技大学,医学教育与医学边缘学科;计算机软件及计算机应用;,基于知识图谱的智慧医疗问答系统的设计与实现
苏杭,北京邮电大学,科学研究管理;计算机软件及计算机应用;电力工业;,基于知识图谱的科技资源整合系统的设计与实现
程瑞,北京邮电大学,电力工业;计算机软件及计算机应用;医学教育与医学边缘学科;,面向中文医疗知识图谱的实体对齐方法研究及应用
韩维壮,北京工业大学,计算机软件及计算机应用;,基于知识图谱的电影推荐算法研究
王博,北京工业大学,计算机软件及计算机应用;,基于知识图谱的协同过滤推荐技术研究
张佳慧,北京工业大学,计算机软件及计算机应用;医药卫生方针政策与法律法规研究;环境科学与资源利用;,基于电子病历的知识图谱构建与疾病预测研究
杜香焜,北京工业大学,计算机软件及计算机应用;,基于知识图谱表示学习的推荐技术研究与应用
王雁鹏,云南大学,计算机软件及计算机应用;自动化技术;,基于知识图谱的图像描述改进
贺云聪,云南大学,计算机软件及计算机应用;,基于概念约束的知识图谱补全及其在推荐系统中的应用
李子璇,天津科技大学,计算机软件及计算机应用;轻工业手工业;,基于知识图谱的食品安全案例检索方法研究
